"STATION","NAME","DATE","CDSD","DSND","DSNW","EMNT","EMSD","EMSN","EMXP","EMXT","HDSD","PRCP","SNOW","TAVG","TMAX","TMIN"
"USC00454764","LONGMIRE RAINIER NPS, WA US","1978-12",,"31","12","-5","24","7.0","2.25","39",,"11.28","41.5","25.8","31.4","20.1"
"USC00454764","LONGMIRE RAINIER NPS, WA US","1979-01","0","31","9","-3","31","6.5","0.59","41",,"3.96","26.3","26.3","33.4","19.3"
"USC00454764","LONGMIRE RAINIER NPS, WA US","1979-02","0","28","11","6","43","14.0","2.55","42",,"13.22","67.0","31.2","36.8","25.7"
"USC00454764","LONGMIRE RAINIER NPS, WA US","1979-03","0","30","3","18","36","2.0","0.89","63",,"4.35","5.8","39.1","48.8","29.4"
"USC00454764","LONGMIRE RAINIER NPS, WA US","1979-04","0","23","6","27","20","5.0","1.05","72",,"5.41","15.5","40.6","48.8","32.4"
"USC00454764","LONGMIRE RAINIER NPS, WA US","1979-05","0","0","0","32","0","0.5","0.67","83",,"3.27","0.5","49.7","60.2","39.2"
"USC00454764","LONGMIRE RAINIER NPS, WA US","1979-06","1","0","0","34","0","0.0","0.23","85",,"0.80","0.0","55.3","68.5","42.1"
"USC00454764","LONGMIRE RAINIER NPS, WA US","1979-07","42","0","0","35","0","0.0","1.20","95","184","3.91","0.0","60.4","73.1","47.6"
"USC00454764","LONGMIRE RAINIER NPS, WA US","1979-08","44","0","0","40","0","0.0","0.65","84","374","2.68","0.0","58.9","70.8","47.0"
"USC00454764","LONGMIRE RAINIER NPS, WA US","1979-09","51","0","0","37","0","0.0","1.04","89","617","4.02","0.0","57.2","69.0","45.3"
"USC00454764","LONGMIRE RAINIER NPS, WA US","1979-10","51","0","0","30","0","0.0","1.30","81","1119","7.59","0.0","48.8","58.8","38.8"
"USC00454764","LONGMIRE RAINIER NPS, WA US","1979-11","51","8","4","15","10","6.0","0.83","54","1952","3.67","10.0","37.2","44.4","30.0"
"USC00454764","LONGMIRE RAINIER NPS, WA US","1979-12","51","12","3","23","8","8.0","2.31","50","2763","16.15","12.0","36.0","40.3","31.7"
"USC00454764","LONGMIRE RAINIER NPS, WA US","1980-01","0","27","12","-1","42","21.0","1.85","44","3841","11.32","62.4","27.5","33.2","21.8"
"USC00454764","LONGMIRE RAINIER NPS, WA US","1980-02","0","28","3","17","26","6.0","1.32","50","4662","10.00","13.5","34.6","40.8","28.4"
"USC00454764","LONGMIRE RAINIER NPS, WA US","1980-03","0","31","11","25","24","10.0","0.83","54","5553","6.92","44.4","36.2","42.3","30.1"
"USC00454764","LONGMIRE RAINIER NPS, WA US","1980-04","0","13","3","26","10","6.0","0.85","80","6168","5.11","14.0","44.1","54.9","33.2"
"USC00454764","LONGMIRE RAINIER NPS, WA US","1980-05","0","0","0","29","0","0.0","0.89","83","6690","2.78","0.0","48.1","57.8","38.5"
"USC00454764","LONGMIRE RAINIER NPS, WA US","1980-06","0","0","0","34","0","0.0","0.88","75","7138","3.83","0.0","50.1","59.1","41.1"
"USC00454764","LONGMIRE RAINIER NPS, WA US","1980-07","15","0","0","40","0","0.0","0.23","96","188","0.51","0.0","59.4","72.2","46.7"
"USC00454764","LONGMIRE RAINIER NPS, WA US","1980-08","26","0","0","34","0","0.0","0.78","89","462","2.68","0.0","56.5","68.1","45.0"
"USC00454764","LONGMIRE RAINIER NPS, WA US","1980-09","27","0","0","36","0","0.0","1.54","84","796","4.61","0.0","53.9","65.3","42.4"
"USC00454764","LONGMIRE RAINIER NPS, WA US","1980-10","30","0","0","27","0","0.0","0.63","86","1309","1.66","0.0","48.5","60.9","36.2"
"USC00454764","LONGMIRE RAINIER NPS, WA US","1980-11","30","2","2","23","3","2.0","2.01","58","2111","14.78","3.0","38.3","44.3","32.3"
"USC00454764","LONGMIRE RAINIER NPS, WA US","1980-12","30","20","6","12","20","8.0","2.30","51","3042","16.72","30.9","35.0","39.5","30.5"
"USC00454764","LONGMIRE RAINIER NPS, WA US","1981-01","0","3","1","27","4","4.0","0.50","55","3838","2.89","4.0","38.4","44.7","32.1"
"USC00454764","LONGMIRE RAINIER NPS, WA US","1981-02","0","14","3","13","3","2.0","2.68","54","4666","12.85","5.1","35.4","42.4","28.5"
"USC00454764","LONGMIRE RAINIER NPS, WA US","1981-03","0","2","1","24","1","1.0","0.82","65","5427","3.71","1.0","40.4","50.1","30.8"
"USC00454764","LONGMIRE RAINIER NPS, WA US","1981-04","0","18","7","21","16","8.0","1.72","73","6166","10.32","25.9","40.4","48.2","32.5"
"USC00454764","LONGMIRE RAINIER NPS, WA US","1981-05","0","0","0","30","0","0.0","0.58","78","6738","4.50","0.0","46.6","55.6","37.5"
"USC00454764","LONGMIRE RAINIER NPS, WA US","1981-06","0","0","0","33","0","0.0","1.74","79","7183","9.20","0.0","50.2","59.0","41.4"
"USC00454764","LONGMIRE RAINIER NPS, WA US","1981-07","24","0","0","34","0","0.0","0.68","89","246","2.68","0.0","57.8","69.0","46.6"
"USC00454764","LONGMIRE RAINIER NPS, WA US","1981-08","130","0","0","40","0","0.0","0.02","99","357","0.05","0.0","64.8","80.0","49.7"
"USC00454764","LONGMIRE RAINIER NPS, WA US","1981-09","155","0","0","35","0","0.0","1.73","95","682","6.26","0.0","55.0","67.0","43.1"
"USC00454764","LONGMIRE RAINIER NPS, WA US","1981-10","155","0","0","28","0","0.0","1.73","70","1309","8.36","0.0","44.1","53.6","34.6"
"USC00454764","LONGMIRE RAINIER NPS, WA US","1981-11","155","2","2","21","6","6.0","1.03","58","2081","7.69","7.5","39.3","45.6","33.0"
"USC00454764","LONGMIRE RAINIER NPS, WA US","1981-12","155","28","14","17","24","10.5","1.68","44","3113","15.55","48.5","31.7","35.9","27.6"
"USC00454764","LONGMIRE RAINIER NPS, WA US","1982-01","0","29","21","0","40","11.0","4.45","41","4172","18.42","65.8","28.7","33.3","24.1"
"USC00454764","LONGMIRE RAINIER NPS, WA US","1982-02","0","26","7","7","40","7.0","2.24","47","5106","12.82","22.5","30.4","36.9","23.8"
"USC00454764","LONGMIRE RAINIER NPS, WA US","1982-03","0","31","8","22","34","4.5","1.33","57","6019","6.12","21.5","35.5","43.2","27.8"
"USC00454764","LONGMIRE RAINIER NPS, WA US","1982-04","0","28","10","22","27","7.5","1.46","68","6828","6.24","29.8","38.1","47.4","28.7"
"USC00454764","LONGMIRE RAINIER NPS, WA US","1982-05","0","0","0","28","0","0.0","0.57","78","7387","2.04","0.0","46.7","58.2","35.2"
"USC00454764","LONGMIRE RAINIER NPS, WA US","1982-06","13","0","0","33","0","0.0","0.56","90","7638","1.42","0.0","56.8","69.3","44.2"
"USC00454764","LONGMIRE RAINIER NPS, WA US","1982-07","41","0","0","37","0","0.0","0.83","95","219","2.56","0.0","58.6","71.2","46.1"
"USC00454764","LONGMIRE RAINIER NPS, WA US","1982-08","65","0","0","39","0","0.0","0.23","92","418","0.90","0.0","59.1","71.4","46.9"
"USC00454764","LONGMIRE RAINIER NPS, WA US","1982-09","68","0","0","31","0","0.0","1.42","91","719","5.43","0.0","54.4","65.9","42.8"
"USC00454764","LONGMIRE RAINIER NPS, WA US","1982-10","68","0","1","27","0","1.0","1.60","72","1314","8.54","1.0","45.2","54.1","36.2"
"USC00454764","LONGMIRE RAINIER NPS, WA US","1982-11","68","16","5","18","7","4.5","1.28","50","2195","8.79","12.0","33.4","39.1","27.7"
"USC00454764","LONGMIRE RAINIER NPS, WA US","1982-12","68","24","8","11","14","6.5","2.27","44","3247","14.05","27.5","31.1","35.6","26.6"
"USC00454764","LONGMIRE RAINIER NPS, WA US","1983-01","0","25","2","26","13","8.0","2.20","43","4106","15.22","10.0","34.2","38.3","30.0"
"USC00454764","LONGMIRE RAINIER NPS, WA US","1983-02","0","5","1","24","4","3.5","0.63","57","4870","7.22","4.0","36.7","42.6","30.8"
"USC00454764","LONGMIRE RAINIER NPS, WA US","1983-03","0","1","1","30","1","2.0","0.99","55","5567","9.16","2.0","40.2","47.8","32.6"
"USC00454764","LONGMIRE RAINIER NPS, WA US","1983-04","0","4","4","26","4","3.5","0.51","72","6240","2.51","9.5","42.6","52.8","32.3"
"USC00454764","LONGMIRE RAINIER NPS, WA US","1983-05","22","1","1","31","3","3.0","0.81","95","6720","3.57","3.0","50.2","61.8","38.7"
"USC00454764","LONGMIRE RAINIER NPS, WA US","1983-06","22","0","0","37","0","0.0","0.90","81","7108","5.72","0.0","52.1","61.2","42.9"
"USC00454764","LONGMIRE RAINIER NPS, WA US","1983-07","24","0","0","39","0","0.0","1.40","80","318","5.98","0.0","54.6","63.0","46.2"
"USC00454764","LONGMIRE RAINIER NPS, WA US","1983-08","32","0","0","42","0","0.0","0.89","84","484","2.32","0.0","59.9","70.8","49.1"
"USC00454764","LONGMIRE RAINIER NPS, WA US","1983-09","32","0","0","28","0","0.0","1.17","78","896","4.63","0.0","51.3","62.7","39.8"
"USC00454764","LONGMIRE RAINIER NPS, WA US","1983-10","32","0","0","28","0","0.0","0.84","65","1500","2.89","0.0","45.0","55.4","34.6"
"USC00454764","LONGMIRE RAINIER NPS, WA US","1983-11","32","12","6","23","5","4.5","2.30","54","2314","20.56","17.0","37.0","41.3","32.7"
"USC00454764","LONGMIRE RAINIER NPS, WA US","1983-12","32","28","14","-4","10","5.5","1.19","38","3497","8.40","30.8","25.6","30.9","20.2"
"USC00454764","LONGMIRE RAINIER NPS, WA US","1984-01","0","13","3","12","8","2.0","4.41","49","4479","16.72","4.8","33.3","38.9","27.7"
"USC00454764","LONGMIRE RAINIER NPS, WA US","1984-02","0","18","8","25","8","5.0","1.28","56","5328","6.10","19.5","35.7","41.7","29.7"
"USC00454764","LONGMIRE RAINIER NPS, WA US","1984-03","0","6","2","28","3","1.0","0.98","63","6066","8.22","2.5","39.5","47.0","32.1"
"USC00454764","LONGMIRE RAINIER NPS, WA US","1984-04","0","6","5","26","5","3.5","0.70","70","6791","5.41","12.5","39.1","47.0","31.2"
"USC00454764","LONGMIRE RAINIER NPS, WA US","1984-05","0","1","1","30","2","2.0","1.17","82","7422","9.67","2.5","43.2","51.3","35.1"
"USC00454764","LONGMIRE RAINIER NPS, WA US","1984-06","1","0","0","30","0","0.0","1.16","82","7842","5.75","0.0","51.0","61.1","40.9"
"USC00454764","LONGMIRE RAINIER NPS, WA US","1984-07","31","0","0","39","0","0.0","0.03","94","152","0.03","0.0","60.9","74.9","47.0"
"USC00454764","LONGMIRE RAINIER NPS, WA US","1984-08","52","0","0","35","0","0.0","0.12","92","324","0.34","0.0","60.1","74.6","45.6"
"USC00454764","LONGMIRE RAINIER NPS, WA US","1984-09","52","0","0","27","0","0.0","1.65","81","743","4.53","0.0","51.1","63.4","38.7"
"USC00454764","LONGMIRE RAINIER NPS, WA US","1984-10","52","7","6","24","7","6.5","1.56","72","1460","9.63","13.5","41.9","49.4","34.3"
"USC00454764","LONGMIRE RAINIER NPS, WA US","1984-11","52","19","9","22","13","7.0","2.00","44","2358","13.28","23.0","34.0","38.3","29.8"
"USC00454764","LONGMIRE RAINIER NPS, WA US","1984-12","52","31","15","5","46","14.0","1.48","35","3510","11.13","79.8","27.8","32.6","23.0"
"USC00454764","LONGMIRE RAINIER NPS, WA US","1985-01","0","31","0","12","44","0.0","0.58","42","4581","0.86","0.0","30.5","36.2","24.7"
"USC00454764","LONGMIRE RAINIER NPS, WA US","1985-02","0","28","9","2","55","9.5","0.80","48","5481","7.08","51.5","30.0","36.3","23.6"
"USC00454764","LONGMIRE RAINIER NPS, WA US","1985-03","0","30","8","17","38","6.5","0.93","60","6356","5.10","30.2","34.9","44.0","25.9"
"USC00454764","LONGMIRE RAINIER NPS, WA US","1985-04","0","20","6","22","28","5.5","1.21","70","7058","6.22","15.4","40.8","50.1","31.4"
"USC00454764","LONGMIRE RAINIER NPS, WA US","1985-05","0","0","0","27","0","0.3","0.80","79","7557","2.49","0.3","48.1","59.5","36.8"
"USC00454764","LONGMIRE RAINIER NPS, WA US","1985-06","13","0","0","35","0","0.0","2.67","92","7886","4.69","0.0","54.5","66.8","42.2"
"USC00454764","LONGMIRE RAINIER NPS, WA US","1985-07","83","0","0","36","0","0.0","0.08","97","53","0.08","0.0","65.6","82.0","49.1"
"USC00454764","LONGMIRE RAINIER NPS, WA US","1985-08","95","0","0","37","0","0.0","0.90","88","269","1.77","0.0","58.4","72.0","44.8"
"USC00454764","LONGMIRE RAINIER NPS, WA US","1985-09","95","0","0","33","0","0.0","1.39","78","691","5.88","0.0","50.6","61.2","40.1"
"USC00454764","LONGMIRE RAINIER NPS, WA US","1985-10","95","2","1","26","1","1.0","2.35","71","1378","11.50","1.0","42.8","50.8","34.9"
"USC00454764","LONGMIRE RAINIER NPS, WA US","1985-11","95","23","12","5","20","11.0","1.42","48","2368","10.88","48.9","27.9","33.3","22.4"
"USC00454764","LONGMIRE RAINIER NPS, WA US","1985-12","95","31","2","5","18","3.5","1.08","40","3426","2.89","6.8","30.9","36.2","25.5"
"USC00454764","LONGMIRE RAINIER NPS, WA US","1986-01","0","30","3","22","15","5.0","1.84","49","4328","10.67","12.0","35.0","39.6","30.2"
"USC00454764","LONGMIRE RAINIER NPS, WA US","1986-02","0","19","5","13","11","6.0","3.15","57","5195","12.41","17.4","32.9","39.4","26.4"
"USC00454764","LONGMIRE RAINIER NPS, WA US","1986-03","0","2","1","27","1","1.0","1.35","64","5930","5.71","2.0","41.3","50.4","32.2"
"USC00454764","LONGMIRE RAINIER NPS, WA US","1986-04","0","3","5","26","5","4.5","0.65","73","6642","4.78","9.8","40.4","49.1","31.8"
"USC00454764","LONGMIRE RAINIER NPS, WA US","1986-05","9","0","0","29","0","0.0","1.10","88","7195","6.33","0.0","47.0","56.7","37.4"
"USC00454764","LONGMIRE RAINIER NPS, WA US","1986-06","24","0","0","36","0","0.0","0.59","91","7428","1.72","0.0","57.5","70.2","44.8"
"USC00454764","LONGMIRE RAINIER NPS, WA US","1986-07","24","0","0","36","0","0.0","0.86","78","323","2.51","0.0","54.4","65.7","43.0"
"USC00454764","LONGMIRE RAINIER NPS, WA US","1986-08","74","0","0","40","0","0.0","0.10","94","415","0.23","0.0","63.7","79.7","47.6"
"USC00454764","LONGMIRE RAINIER NPS, WA US","1986-09","74",,"0","29",,"0.0","1.73","83","885","7.92","0.0","49.3","60.3","38.4"
"USC00454764","LONGMIRE RAINIER NPS, WA US","1986-10","74","0","0","32","0","0.0","1.81","73","1336","5.06","0.0","49.7","61.1","38.4"
"USC00454764","LONGMIRE RAINIER NPS, WA US","1986-11","74","7","3","24","4","3.5","2.61","58","2146","15.85","8.1","37.1","41.8","32.5"
"USC00454764","LONGMIRE RAINIER NPS, WA US","1986-12",,"2","1","23","1","1.0","1.38","42",,"5.69","1.2","32.4","36.5","28.4"
"USC00454764","LONGMIRE RAINIER NPS, WA US","1987-01","0","22","8","11","14","10.0","0.87","41",,"7.45","27.1","29.8","33.9","25.7"
"USC00454764","LONGMIRE RAINIER NPS, WA US","1987-02","0","21","3","18","9","5.5","3.01","53",,"6.09","9.5","35.8","41.8","29.8"
"USC00454764","LONGMIRE RAINIER NPS, WA US","1987-03","0","7","4","21","7","5.0","2.03","66",,"9.13","11.0","37.5","43.7","31.3"
"USC00454764","LONGMIRE RAINIER NPS, WA US","1987-04","4","4","3","29","3","2.5","0.84","87",,"5.16","7.2","46.3","56.9","35.8"
"USC00454764","LONGMIRE RAINIER NPS, WA US","1987-05","17","0","0","31","0","0.0","1.34","88",,"5.32","0.0","52.0","62.6","41.5"
"USC00454764","LONGMIRE RAINIER NPS, WA US","1987-06","41","0","0","34","0","0.0","0.66","92",,"1.39","0.0","57.8","71.3","44.4"
"USC00454764","LONGMIRE RAINIER NPS, WA US","1987-07","61","0","0","43","0","0.0","0.55","91","198","1.78","0.0","59.2","70.4","48.0"
"USC00454764","LONGMIRE RAINIER NPS, WA US","1987-08","88","0","0","39","0","0.0","0.25","92","350","0.59","0.0","61.0","75.3","46.7"
"USC00454764","LONGMIRE RAINIER NPS, WA US","1987-09","119","0","0","34","0","0.0","0.98","96","581","1.53","0.0","58.3","72.9","43.6"
"USC00454764","LONGMIRE RAINIER NPS, WA US","1987-10","122","0","0","30","0","0.0","0.13","88","936","0.20","0.0","53.3","67.7","39.0"
"USC00454764","LONGMIRE RAINIER NPS, WA US","1987-11","122","5","3","22","2","2.0","0.86","61","1705","6.65","5.3","39.4","44.6","34.2"
"USC00454764","LONGMIRE RAINIER NPS, WA US","1987-12","122","24","10","16","18","7.0","4.00","48","2754","14.80","28.5","30.0","34.7","25.3"
"USC00454764","LONGMIRE RAINIER NPS, WA US","1988-01","0","31","10","14","21","5.0","1.73","40","3812","7.27","30.0","30.9","35.4","26.3"
"USC00454764","LONGMIRE RAINIER NPS, WA US","1988-02","0","29","8","9","19","6.0","1.45","56","4684","7.70","18.2","34.9","41.6","28.3"
"USC00454764","LONGMIRE RAINIER NPS, WA US","1988-03","0","31","12","23","20","8.0","1.54","66","5565","12.04","46.5","36.6","43.6","29.6"
"USC00454764","LONGMIRE RAINIER NPS, WA US","1988-04","0","14","5","28","13","5.0","1.30","70","6252","7.73","13.8","42.1","50.2","34.1"
"USC00454764","LONGMIRE RAINIER NPS, WA US","1988-05","0","2","2","31","4","2.0","1.11","82","6787","7.30","4.0","47.7","57.6","37.9"
"USC00454764","LONGMIRE RAINIER NPS, WA US","1988-06","8","0","0","31","0","0.0","0.56","84","7144","2.15","0.0","53.4","65.6","41.2"
"USC00454764","LONGMIRE RAINIER NPS, WA US","1988-07","43","0","0","38","0","0.0","0.61","94","180","1.39","0.0","60.3","74.3","46.3"
"USC00454764","LONGMIRE RAINIER NPS, WA US","1988-08","83","0","0","40","0","0.0","0.36","95","331","0.70","0.0","61.4","75.7","47.1"
"USC00454764","LONGMIRE RAINIER NPS, WA US","1988-09","122","0","0","32","0","0.0","1.01","101","651","3.44","0.0","55.6","69.9","41.3"
"USC00454764","LONGMIRE RAINIER NPS, WA US","1988-10","126","0","0","29","0","0.0","2.13","84","1044","7.37","0.0","52.4","62.7","42.2"
"USC00454764","LONGMIRE RAINIER NPS, WA US","1988-11","126","11","6","26","13","5.1","2.44","59","1917","17.82","21.7","35.9","39.7","32.1"
"USC00454764","LONGMIRE RAINIER NPS, WA US","1988-12","126","23","7","16","12","6.0","1.65","47","2862","7.37","20.0","32.4","37.2","27.6"
"USC00454764","LONGMIRE RAINIER NPS, WA US","1989-01","0","31","15","14","43","8.0","1.75","44","3926","12.20","62.6","30.7","34.7","26.6"
"USC00454764","LONGMIRE RAINIER NPS, WA US","1989-02","0","28","6","-2","39","8.5","0.46","48","4853","2.80","23.0","28.3","34.7","21.9"
"USC00454764","LONGMIRE RAINIER NPS, WA US","1989-03","0","31","6","11","37","9.5","0.73","53","5788","8.28","27.0","34.8","41.0","28.7"
"USC00454764","LONGMIRE RAINIER NPS, WA US","1989-04","0","10","3","30","20","4.0","0.83","72","6399","4.16","9.1","44.7","55.4","33.9"
"USC00454764","LONGMIRE RAINIER NPS, WA US","1989-05","0","0","0","31","0","0.0","0.80","74","6903","3.85","0.0","48.0","58.0","38.0"
"USC00454764","LONGMIRE RAINIER NPS, WA US","1989-06","11","0","0","36","0","0.0","1.16","96","7153","2.02","0.0","57.0","70.2","43.8"
"USC00454764","LONGMIRE RAINIER NPS, WA US","1989-07","18","0","0","39","0","0.0","0.47","84","218","1.71","0.0","58.1","70.8","45.3"
"USC00454764","LONGMIRE RAINIER NPS, WA US","1989-08","30","0","0","38","0","0.0","0.53","93","427","2.14","0.0","58.4","70.9","45.9"
"USC00454764","LONGMIRE RAINIER NPS, WA US","1989-09","41","0","0","33","0","0.0","0.29","88","636","0.91","0.0","58.4","74.1","42.8"
"USC00454764","LONGMIRE RAINIER NPS, WA US","1989-10","41","0","0","27","0","0.0","0.60","71","1260","4.30","0.0","44.9","54.7","35.0"
"USC00454764","LONGMIRE RAINIER NPS, WA US","1989-11","41","9","4","28","11","6.0","4.10","55","2058","16.31","15.5","38.4","43.3","33.5"
"USC00454764","LONGMIRE RAINIER NPS, WA US","1989-12","41","16","0","23","7","0.5","2.43","54","2884","6.72","0.8","35.6","40.0","31.1"
"USC00454764","LONGMIRE RAINIER NPS, WA US","1990-01","0","25","14","22","48","12.0","2.55","45","3824","21.68","73.5","32.5","36.2","28.8"
"USC00454764","LONGMIRE RAINIER NPS, WA US","1990-02","0","28","15","4","78","19.5","3.73","54","4804","18.91","103.1","30.0","36.3","23.7"
"USC00454764","LONGMIRE RAINIER NPS, WA US","1990-03","0","31","5","16","48","4.5","0.69","62","5643","3.51","12.5","37.9","47.9","27.9"
"USC00454764","LONGMIRE RAINIER NPS, WA US","1990-04","0","11","1","29","18","5.0","1.95","75","6221","6.77","5.0","45.1","55.4","34.8"
"USC00454764","LONGMIRE RAINIER NPS, WA US","1990-05","0","1","0","30","1","0.5","0.91","80","6786","4.74","0.5","46.8","56.2","37.4"
"USC00454764","LONGMIRE RAINIER NPS, WA US","1990-06","9","0","0","35","0","0.0","1.28","87","7139","8.53","0.0","53.6","64.2","42.9"
"USC00454764","LONGMIRE RAINIER NPS, WA US","1990-07","70","0","0","38","0","0.0","0.41","97","127","1.55","0.0","62.9","76.1","49.7"
"USC00454764","LONGMIRE RAINIER NPS, WA US","1990-08","125","0","0","42","0","0.0","0.92","96","262","3.41","0.0","62.2","74.9","49.4"
"USC00454764","LONGMIRE RAINIER NPS, WA US","1990-09","132","0","0","39","0","0.0","0.38","87","436","0.46","0.0","59.5","72.7","46.2"
"USC00454764","LONGMIRE RAINIER NPS, WA US","1990-10","132","0","0","27","0","0.0","2.03","71","1116","16.01","0.0","41.9","50.2","33.6"
"USC00454764","LONGMIRE RAINIER NPS, WA US","1990-11","132","10","4","26","11","7.0","2.28","52","1958","18.92","22.0","36.9","41.4","32.5"
"USC00454764","LONGMIRE RAINIER NPS, WA US","1990-12","132","31","14","-6","32","14.5","1.89","48","3044","10.26","52.5","25.9","31.2","20.7"
"USC00454764","LONGMIRE RAINIER NPS, WA US","1991-01","0","31","4","15","34","4.5","1.69","44","4146","9.03","10.5","29.5","34.6","24.3"
"USC00454764","LONGMIRE RAINIER NPS, WA US","1991-02","0","28","1","28","23","4.0","2.34","61","4883","10.56","4.0","38.7","45.6","31.8"
"USC00454764","LONGMIRE RAINIER NPS, WA US","1991-03","0","28","10","24","13","7.0","1.40","64","5752","6.52","21.9","36.0","43.5","28.6"
"USC00454764","LONGMIRE RAINIER NPS, WA US","1991-04","0","9","4","23","14","10.0","3.68","68","6459","10.75","18.0","40.5","48.8","32.2"
"USC00454764","LONGMIRE RAINIER NPS, WA US","1991-05","0","0","1","31","0","1.0","1.10","66","7009","5.07","1.0","45.4","53.5","37.2"
"USC00454764","LONGMIRE RAINIER NPS, WA US","1991-06","0","0","0","33","0","0.0","0.74","78","7409","3.80","0.0","50.6","59.4","41.8"
"USC00454764","LONGMIRE RAINIER NPS, WA US","1991-07","24","0","0","42","0","0.0","0.72","93","119","1.22","0.0","61.7","75.5","47.9"
"USC00454764","LONGMIRE RAINIER NPS, WA US","1991-08","59","0","0","36","0","0.0","0.54","89","250","1.49","0.0","61.9","74.8","48.9"
"USC00454764","LONGMIRE RAINIER NPS, WA US","1991-09",,"0","0",,"0","0.0","0.55","89",,"0.63","0.0",,"72.7",
"USC00454764","LONGMIRE RAINIER NPS, WA US","1991-10",,"3","1","19","5","4.5","0.66","86",,"3.76","5.5","47.4","59.1","35.7"
"USC00454764","LONGMIRE RAINIER NPS, WA US","1991-11",,"8","2","22","3","3.0","2.37","55",,"16.00","8.0","37.0","42.4","31.6"
"USC00454764","LONGMIRE RAINIER NPS, WA US","1991-12",,"25","4","21","6","5.0","1.52","43",,"8.61","9.5","33.7","37.9","29.6"
"USC00454764","LONGMIRE RAINIER NPS, WA US","1992-01","0","17","2","16","3","2.5","2.01","51",,"11.48","4.0","34.4","39.3","29.6"
"USC00454764","LONGMIRE RAINIER NPS, WA US","1992-02","0","5","2","26","2","2.5","1.22","68",,"5.40","4.0","41.1","48.9","33.3"
"USC00454764","LONGMIRE RAINIER NPS, WA US","1992-03","0","0","0","27","0","0.0","0.40","71",,"1.80","0.0","45.2","56.6","33.7"
"USC00454764","LONGMIRE RAINIER NPS, WA US","1992-04","0","5","2","27","8","6.5","1.90","78",,"7.42","10.5","45.5","54.8","36.2"
"USC00454764","LONGMIRE RAINIER NPS, WA US","1992-05","12","0","0","30","0","0.0","0.55","88",,"1.22","0.0","55.1","68.3","41.9"
"USC00454764","LONGMIRE RAINIER NPS, WA US","1992-06","59","0","0","40","0","0.0","0.78","91",,"1.94","0.0","60.2","73.1","47.3"
"USC00454764","LONGMIRE RAINIER NPS, WA US","1992-07","97","0","0","43","0","0.0","1.05","94","163","2.07","0.0","60.4","71.4","49.3"
"USC00454764","LONGMIRE RAINIER NPS, WA US","1992-08","159","0","0","36","0","0.0","0.59","97","296","1.02","0.0","62.5","77.2","47.9"
"USC00454764","LONGMIRE RAINIER NPS, WA US","1992-09","159","0","0","32","0","0.0","2.25","81","669","7.64","0.0","51.6","63.8","39.5"
"USC00454764","LONGMIRE RAINIER NPS, WA US","1992-10","159","0","0","26","0","0.0","0.41","81","1188","2.86","0.0","47.7","56.7","38.6"
"USC00454764","LONGMIRE RAINIER NPS, WA US","1992-11","159","15","2","20","3","2.0","1.70","50","2006","12.94","4.5","35.7","41.2","30.2"
"USC00454764","LONGMIRE RAINIER NPS, WA US","1992-12","159","31","15","15","28","9.5","1.41","40","3120","8.98","57.5","29.0","34.5","23.6"
"USC00454764","LONGMIRE RAINIER NPS, WA US","1993-01","0","31","7","7","36","8.0","1.82","42","4276","5.65","19.5","26.5","32.7","20.2"
"USC00454764","LONGMIRE RAINIER NPS, WA US","1993-02","0","28","2","12","24","3.5","0.20","51","5178","0.54","5.0","31.5","39.7","23.4"
"USC00454764","LONGMIRE RAINIER NPS, WA US","1993-03","0","21","0","24","18","0.0","2.01","57","5993","7.02","0.0","38.7","47.9","29.5"
"USC00454764","LONGMIRE RAINIER NPS, WA US","1993-04","0","3","1","27","7","7.0","1.31","59","6738","8.51","7.0","40.2","47.5","32.9"
"USC00454764","LONGMIRE RAINIER NPS, WA US","1993-05","0","0","0","32","0","0.0","1.20","84","7135","5.77","0.0","52.2","63.6","40.9"
"USC00454764","LONGMIRE RAINIER NPS, WA US","1993-06","0","0","0","35","0","0.0","0.65","80","7512","4.91","0.0","52.4","62.4","42.4"
"USC00454764","LONGMIRE RAINIER NPS, WA US","1993-07","0","0","0","42","0","0.0","0.88","78","353","4.52","0.0","53.2","61.8","44.7"
"USC00454764","LONGMIRE RAINIER NPS, WA US","1993-08","33","0","0","39","0","0.0","0.44","91","527","1.04","0.0","60.3","72.4","48.2"
"USC00454764","LONGMIRE RAINIER NPS, WA US","1993-09","58","0","0","30","0","0.0","0.04","89","721","0.04","0.0","59.0","73.8","44.2"
"USC00454764","LONGMIRE RAINIER NPS, WA US","1993-10","60","0","0","31","0","0.0","0.73","84","1181","3.77","0.0","50.3","60.2","40.3"
"USC00454764","LONGMIRE RAINIER NPS, WA US","1993-11","60","10","3","11","9","5.5","1.41","51","2029","4.86","11.0","33.5","39.5","27.5"
"USC00454764","LONGMIRE RAINIER NPS, WA US","1993-12","60","3","1","20","2","1.5","1.51","47","2958","8.17","2.5","33.0","38.0","28.0"
"USC00454764","LONGMIRE RAINIER NPS, WA US","1994-01","0","11","2","23","7","6.0","1.42","52","3820","7.72","7.0","36.4","41.0","31.7"
"USC00454764","LONGMIRE RAINIER NPS, WA US","1994-02","0","20","12","10","48","25.0","1.84","48","4688","10.04","67.6","32.8","39.1","26.6"
"USC00454764","LONGMIRE RAINIER NPS, WA US","1994-03","0","31","7","18","25","7.0","1.08","71","5500","6.52","25.0","38.8","48.2","29.4"
"USC00454764","LONGMIRE RAINIER NPS, WA US","1994-04","0","8","1","29","6","2.5","0.67","74","6152","4.54","3.0","43.3","52.8","33.7"
"USC00454764","LONGMIRE RAINIER NPS, WA US","1994-05","0","0","0","30","0","0.0","0.70","80","6576","2.83","0.0","50.8","62.4","39.2"
"USC00454764","LONGMIRE RAINIER NPS, WA US","1994-06","0","0","0","34","0","0.0","1.45","79","6934","5.10","0.0","53.1","64.8","41.4"
"USC00454764","LONGMIRE RAINIER NPS, WA US","1994-07","54","0","0","42","0","0.0","0.33","97","132","0.66","0.0","62.5","76.9","48.0"
"USC00454764","LONGMIRE RAINIER NPS, WA US","1994-08","62","0","0","40","0","0.0","0.27","83","269","0.30","0.0","60.6","74.2","46.9"
"USC00454764","LONGMIRE RAINIER NPS, WA US","1994-09","68","0","0","37","0","0.0","1.17","88","476","3.64","0.0","58.3","71.4","45.2"
"USC00454764","LONGMIRE RAINIER NPS, WA US","1994-10","68","1","1","29","1","1.0","4.60","73","1135","12.56","1.0","43.8","53.6","33.9"
"USC00454764","LONGMIRE RAINIER NPS, WA US","1994-11","68","30","15","15","36","10.0","2.95","47","2165","14.07","68.0","30.6","36.3","25.0"
"USC00454764","LONGMIRE RAINIER NPS, WA US","1994-12","68","31","7","9","43","9.5","2.30","43","3265","11.61","33.0","29.5","34.7","24.4"
"USC00454764","LONGMIRE RAINIER NPS, WA US","1995-01","0","31","1","20","24","2.0","1.30","48","4203","6.32","2.5","34.7","41.0","28.5"
"USC00454764","LONGMIRE RAINIER NPS, WA US","1995-02","0","25","3","8","15","10.0","2.61","57","4998","8.11","14.5","35.8","44.2","27.4"
"USC00454764","LONGMIRE RAINIER NPS, WA US","1995-03","0","10","5","21","6","4.0","1.07","68","5811","6.82","12.0","38.1","47.4","28.8"
"USC00454764","LONGMIRE RAINIER NPS, WA US","1995-04","0","7","5","26","6","5.0","0.96","72","6487","5.29","11.0","41.1","50.7","31.6"
"USC00454764","LONGMIRE RAINIER NPS, WA US","1995-05","0","0","0","31","0","0.0","0.87","84","6902","3.54","0.0","51.3","63.1","39.5"
"USC00454764","LONGMIRE RAINIER NPS, WA US","1995-06","5","0","0","35","0","0.0","0.85","85","7220","3.98","0.0","54.5","65.9","43.1"
"USC00454764","LONGMIRE RAINIER NPS, WA US","1995-07","49","0","0","40","0","0.0","0.71","92","166","2.24","0.0","61.1","73.8","48.3"
"USC00454764","LONGMIRE RAINIER NPS, WA US","1995-08","51","0","0","37","0","0.0","1.11","83","439","3.32","0.0","56.2","69.5","43.0"
"USC00454764","LONGMIRE RAINIER NPS, WA US","1995-09","60","0","0","41","0","0.0","0.84","88","633","2.92","0.0","58.8","71.4","46.2"
"USC00454764","LONGMIRE RAINIER NPS, WA US","1995-10","60","0","0","22","0","0.0","2.00","70","1296","13.30","0.0","43.6","52.3","35.0"
"USC00454764","LONGMIRE RAINIER NPS, WA US","1995-11","60","2","1","22","1","1.0","6.03","55","2014","28.49","1.5","40.3","46.6","34.1"
"USC00454764","LONGMIRE RAINIER NPS, WA US","1995-12","60","9","2","18","5","2.0","1.93","50","2942","14.14","3.5","32.9","38.1","27.7"
"USC00454764","LONGMIRE RAINIER NPS, WA US","1996-01","0","17","14","1","36","9.5","1.37","47","3986","14.14","70.0","31.3","36.1","26.6"
"USC00454764","LONGMIRE RAINIER NPS, WA US","1996-02","0","29","5","4","28","15.0","3.47","52","4925","16.80","25.5","32.6","40.8","24.5"
"USC00454764","LONGMIRE RAINIER NPS, WA US","1996-03","0","14","2","21","14","2.5","0.85","64","5712","3.23","5.0","38.0","46.2","29.7"
"USC00454764","LONGMIRE RAINIER NPS, WA US","1996-04","0","1","1","28","3","3.0","1.81","74","6401","9.99","3.0","42.0","50.9","33.2"
"USC00454764","LONGMIRE RAINIER NPS, WA US","1996-05","0","0","0","27","0","0.5","1.08","74","7023","6.72","0.5","45.0","53.9","36.0"
"USC00454764","LONGMIRE RAINIER NPS, WA US","1996-06","3","0","0","34","0","0.0","0.75","85","7307","2.35","0.0","54.7","68.0","41.4"
"USC00454764","LONGMIRE RAINIER NPS, WA US","1996-07","94","0","0","39","0","0.0","0.80","96","131","1.31","0.0","63.7","78.8","48.6"
"USC00454764","LONGMIRE RAINIER NPS, WA US","1996-08","133","0","0","40","0","0.0","0.74","95","274","2.50","0.0","61.3","76.4","46.3"
"USC00454764","LONGMIRE RAINIER NPS, WA US","1996-09","136","0","0","32","0","0.0","1.23","85","644","4.54","0.0","51.7","63.1","40.3"
"USC00454764","LONGMIRE RAINIER NPS, WA US","1996-10","136","5","2","24","6","6.0","1.81","77","1242","11.13","8.0","44.1","53.1","35.2"
"USC00454764","LONGMIRE RAINIER NPS, WA US","1996-11","136","16","6","19","13","6.5","2.30","54","2131","14.40","22.0","35.4","41.3","29.5"
"USC00454764","LONGMIRE RAINIER NPS, WA US","1996-12","136","31","19","19","42","9.5","2.42","48","3185","21.63","79.0","31.0","35.2","26.8"
"USC00454764","LONGMIRE RAINIER NPS, WA US","1997-01","0","31","6","13","42","9.5","2.48","44","4189","15.11","30.0","31.5","37.1","25.8"
"USC00454764","LONGMIRE RAINIER NPS, WA US","1997-02","0","28","5","18","42","6.0","2.18","50","4985","10.56","21.0","33.3","40.2","26.4"
"USC00454764","LONGMIRE RAINIER NPS, WA US","1997-03","0","30","13","23","51","8.0","3.96","64","5875","15.31","44.0","35.3","42.5","28.2"
"USC00454764","LONGMIRE RAINIER NPS, WA US","1997-04","0","30","3","19","45","4.0","1.78","58","6631","7.79","8.5","39.1","47.9","30.2"
"USC00454764","LONGMIRE RAINIER NPS, WA US","1997-05","0","6","1","27","14","1.0","0.89","86","7064","4.30","1.0","51.0","63.8","38.3"
"USC00454764","LONGMIRE RAINIER NPS, WA US","1997-06","0","0","0","36","0","0.0","0.93","79","7383","4.83","0.0","53.2","64.3","42.1"
"USC00454764","LONGMIRE RAINIER NPS, WA US","1997-07","14","0","0","40","0","0.0","0.85","90","186","2.22","0.0","59.3","72.6","46.0"
"USC00454764","LONGMIRE RAINIER NPS, WA US","1997-08","45","0","0","43","0","0.0","0.52","90","290","1.74","0.0","62.7","76.9","48.4"
"USC00454764","LONGMIRE RAINIER NPS, WA US","1997-09","51","0","0","36","0","0.0","1.97","87","511","7.80","0.0","56.2","68.8","43.6"
"USC00454764","LONGMIRE RAINIER NPS, WA US","1997-10","51","0","0","26","0","0.0","2.14","67","1184","13.48","0.0","43.3","51.5","35.1"
"USC00454764","LONGMIRE RAINIER NPS, WA US","1997-11","51","6","2","27","6","5.5","2.13","57","1934","10.41","6.5","39.2","46.1","32.4"
"USC00454764","LONGMIRE RAINIER NPS, WA US","1997-12","51","23","7","19","15","6.0","1.64","42","2930","9.30","20.5","31.9","37.1","26.6"
"USC00454764","LONGMIRE RAINIER NPS, WA US","1998-01","0","31","9","15","40","12.0","1.64","48","3899","13.09","47.0","31.7","36.6","26.8"
"USC00454764","LONGMIRE RAINIER NPS, WA US","1998-02","0","28","4","20","18","6.5","0.97","50","4691","4.37","16.1","35.7","42.6","28.8"
"USC00454764","LONGMIRE RAINIER NPS, WA US","1998-03","0","21","5","19","11","3.5","0.85","64","5445","5.98","14.1","38.0","46.5","29.4"
"USC00454764","LONGMIRE RAINIER NPS, WA US","1998-04",,"1","1","26","1","2.0","0.68",,,"2.43","2.0",,,"31.9"
"USC00454764","LONGMIRE RAINIER NPS, WA US","1998-05",,"0","0","29","0","0.0","0.93","84",,"5.33","0.0","46.8","54.9","38.8"
"USC00454764","LONGMIRE RAINIER NPS, WA US","1998-06",,"0","0","39","0","0.0","0.48","84",,"2.40","0.0","55.0","66.6","43.4"
"USC00454764","LONGMIRE RAINIER NPS, WA US","1998-07",,"0","0","43","0","0.0","0.25","99","64","0.53","0.0","65.3","79.5","51.1"
"USC00454764","LONGMIRE RAINIER NPS, WA US","1998-08",,"0","0","40","0","0.0","0.40","89","203","0.71","0.0","61.4","76.0","46.8"
"USC00454764","LONGMIRE RAINIER NPS, WA US","1998-09",,"0","0","35","0","0.0","0.38","94","422","1.00","0.0","58.4","73.3","43.3"
"USC00454764","LONGMIRE RAINIER NPS, WA US","1998-10",,,"0","26",,"0.0","1.19","75","995","7.07","0.0","44.9","54.2","35.5"
"USC00454764","LONGMIRE RAINIER NPS, WA US","1998-11",,"5","3","27","4","4.0","2.30","49","1841","15.39","9.0","36.8","42.2","31.5"
"USC00454764","LONGMIRE RAINIER NPS, WA US","1998-12",,"31","14","1","26","10.5","2.23","44","2968","17.51","54.5","28.7","33.8","23.5"
"USC00454764","LONGMIRE RAINIER NPS, WA US","1999-01","0","31","10","21","39","19.0","1.56","43","3992","13.68","47.5","31.9","36.3","27.6"
"USC00454764","LONGMIRE RAINIER NPS, WA US","1999-02","0","27","16","16","47","8.5","1.80","42","4878","13.76","57.0","30.9","36.0","25.8"
"USC00454764","LONGMIRE RAINIER NPS, WA US","1999-03","0","31","12","13","54","10.0","0.80","64","5785","5.79","49.5","34.8","43.0","26.5"
"USC00454764","LONGMIRE RAINIER NPS, WA US","1999-04","0","30","6","21","41","5.0","0.59","70","6557","2.56","12.4","38.5","49.1","28.0"
"USC00454764","LONGMIRE RAINIER NPS, WA US","1999-05","0","6","5","26","4","3.5","0.93","84","7164","4.43","12.5","43.2","54.5","31.9"
"USC00454764","LONGMIRE RAINIER NPS, WA US","1999-06","6","0","0","33","0","0.0","0.55","89","7594","3.33","0.0","50.9","61.2","40.5"
"USC00454764","LONGMIRE RAINIER NPS, WA US","1999-07","11","0","0","36","0","0.0","1.10","87","223","2.90","0.0","57.7","72.4","42.9"
"USC00454764","LONGMIRE RAINIER NPS, WA US","1999-08","25","0","0","39","0","0.0","0.42","88","353","1.26","0.0","60.7","75.1","46.4"
"USC00454764","LONGMIRE RAINIER NPS, WA US","1999-09","32","0","0","28","0","0.0","0.75","88","621","0.91","0.0","56.1","71.9","40.3"
"USC00454764","LONGMIRE RAINIER NPS, WA US","1999-10","32","0","0","26","0","0.0","1.93","75","1192","8.09","0.0","45.5","56.2","34.8"
"USC00454764","LONGMIRE RAINIER NPS, WA US","1999-11","32","3","2","25","2","2.0","3.62","55","1967","14.80","4.0","39.2","45.6","32.7"
"USC00454764","LONGMIRE RAINIER NPS, WA US","1999-12","32","29","7","24","20","13.0","1.88","44","2962","13.66","27.0","32.9","37.5","28.3"
"USC00454764","LONGMIRE RAINIER NPS, WA US","2000-01","0","29","15","19","47","11.0","1.35","42","4059","10.47","69.5","29.6","34.8","24.5"
"USC00454764","LONGMIRE RAINIER NPS, WA US","2000-02","0","28","5","19","30","3.0","1.51","48","4964","6.25","10.0","33.8","41.3","26.3"
"USC00454764","LONGMIRE RAINIER NPS, WA US","2000-03","0","30","6","21","24","4.0","0.80","60","5873","5.35","15.5","34.8","42.8","26.7"
"USC00454764","LONGMIRE RAINIER NPS, WA US","2000-04","0","11","1","26","15","3.0","1.13","70","6502","3.99","3.0","43.4","55.4","31.4"
"USC00454764","LONGMIRE RAINIER NPS, WA US","2000-05","0","0","0","27","0","0.5","0.64","71","7005","5.04","0.5","46.6","57.0","36.1"
"USC00454764","LONGMIRE RAINIER NPS, WA US","2000-06",,"0","0","34","0","0.0","1.37","86",,"3.50","0.0","53.0","63.8","42.3"
"USC00454764","LONGMIRE RAINIER NPS, WA US","2000-07",,"0","0","32","0","0.0","0.85","86","225","1.20","0.0","56.7","69.3","44.1"
"USC00454764","LONGMIRE RAINIER NPS, WA US","2000-08",,"0","0","36","0","0.0","0.28","85","428","0.59","0.0","58.2","73.6","42.9"
"USC00454764","LONGMIRE RAINIER NPS, WA US","2000-09",,"0","0","30","0","0.0","1.92","90","759","5.38","0.0","53.2","65.3","41.1"
"USC00454764","LONGMIRE RAINIER NPS, WA US","2000-10",,"0","0","29","0","0.0","3.10","72","1295","7.55","0.0","45.4","54.4","36.4"
"USC00454764","LONGMIRE RAINIER NPS, WA US","2000-11",,"20","3","18","3","3.5","1.62","53","2200","6.04","7.0","33.8","39.2","28.3"
"USC00454764","LONGMIRE RAINIER NPS, WA US","2000-12",,"17","4","20","9","5.0","1.17","46","3089","4.81","12.0","33.3","37.4","29.1"
"USC00454764","LONGMIRE RAINIER NPS, WA US","2001-01","0","18","4","20","14","12.0","1.49","48","4043","5.30","23.0","34.2","39.4","29.1"
"USC00454764","LONGMIRE RAINIER NPS, WA US","2001-02","0","28","7","18","13","2.0","1.45","51","4932","4.21","12.0","33.2","40.5","26.0"
"USC00454764","LONGMIRE RAINIER NPS, WA US","2001-03","0","21","6","23","10","3.0","0.96","66","5700","6.72","11.0","38.7","46.8","30.5"
"USC00454764","LONGMIRE RAINIER NPS, WA US","2001-04","0","9","7","26","7","7.0","1.15","77","6394","6.13","16.5","40.5","49.2","31.7"
"USC00454764","LONGMIRE RAINIER NPS, WA US","2001-05","9","2","2","29","2","2.0","1.36","91","6844","4.95","3.5","50.1","62.3","38.0"
"USC00454764","LONGMIRE RAINIER NPS, WA US","2001-06","13","0","0","36","0","0.0","1.33","86","7182","6.28","0.0","52.7","63.1","42.3"
"USC00454764","LONGMIRE RAINIER NPS, WA US","2001-07","24","0","0","43","0","0.0","0.36","89","160","1.41","0.0","59.6","71.5","47.7"
"USC00454764","LONGMIRE RAINIER NPS, WA US","2001-08","63","0","0","41","0","0.0","0.82","92","299","1.42","0.0","61.8","74.7","48.8"
"USC00454764","LONGMIRE RAINIER NPS, WA US","2001-09","68","0","0","34","0","0.0","0.76","85","513","1.25","0.0","56.7","68.9","44.4"
"USC00454764","LONGMIRE RAINIER NPS, WA US","2001-10","68","0","0","28","0","0.0","2.01","77","1138","11.19","0.0","44.1","51.9","36.3"
"USC00454764","LONGMIRE RAINIER NPS, WA US","2001-11","68","6","4","27","13","8.0","3.12","61","1824","14.07","16.5","39.8","45.0","34.5"
"USC00454764","LONGMIRE RAINIER NPS, WA US","2001-12","68","31","14","22","25","8.0","2.60","38","2872","13.52","47.5","31.2","34.9","27.4"
"USC00454764","LONGMIRE RAINIER NPS, WA US","2002-01","0","31","13","15","50","12.0","3.05","43","3915","16.22","81.0","31.4","35.1","27.6"
"USC00454764","LONGMIRE RAINIER NPS, WA US","2002-02","0","28","6","18","54","10.0","1.05","53","4790","6.60","22.0","32.6","38.8","26.4"
"USC00454764","LONGMIRE RAINIER NPS, WA US","2002-03","0","31","14","12","63","11.0","1.95","51","5767","10.83","76.4","33.5","39.8","27.1"
"USC00454764","LONGMIRE RAINIER NPS, WA US","2002-04","0","29","4","26","45","10.0","1.55","65","6502","5.72","16.0","39.7","48.1","31.2"
"USC00454764","LONGMIRE RAINIER NPS, WA US","2002-05","0","11","2","28","12","6.0","0.53","73","7086","3.57","7.0","46.1","56.6","35.7"
"USC00454764","LONGMIRE RAINIER NPS, WA US","2002-06","9","0","0","34","0","0.0","1.30","90","7342","2.75","0.0","56.5","69.6","43.4"
"USC00454764","LONGMIRE RAINIER NPS, WA US","2002-07","60","0","0","37","0","0.0","0.28","95","117","0.40","0.0","62.7","77.9","47.5"
"USC00454764","LONGMIRE RAINIER NPS, WA US","2002-08","76","0","0","38","0","0.0","0.16","92","280","0.57","0.0","59.8","74.1","45.6"
"USC00454764","LONGMIRE RAINIER NPS, WA US","2002-09","76","0","0","33","0","0.0","0.45","82","567","0.98","0.0","55.3","69.6","40.9"
"USC00454764","LONGMIRE RAINIER NPS, WA US","2002-10","76","0","0","23","0","0.0","1.26","72","1132","2.00","0.0","46.2","56.6","35.7"
"USC00454764","LONGMIRE RAINIER NPS, WA US","2002-11","76","0","0","24","0","0.0","1.73","56","1824","6.81","0.0","41.2","48.2","34.1"
"USC00454764","LONGMIRE RAINIER NPS, WA US","2002-12","76","16","8","22","7","3.5","1.30","52","2764","9.91","21.0","34.7","39.3","30.0"
"USC00454764","LONGMIRE RAINIER NPS, WA US","2003-01","0","4","0","27","6","0.0","3.84","50","3615","14.98","0.0","37.5","42.7","32.4"
"USC00454764","LONGMIRE RAINIER NPS, WA US","2003-02","0","6","2","18","4","3.5","1.28","54","4420","5.37","6.5","35.2","42.4","27.9"
"USC00454764","LONGMIRE RAINIER NPS, WA US","2003-03","0","23","8","24","24","14.0","2.05","66","5244","14.46","37.6","37.0","43.1","30.8"
"USC00454764","LONGMIRE RAINIER NPS, WA US","2003-04","0","8","5","23","10","10.0","0.67","64","5951","5.71","23.0","40.8","49.0","32.5"
"USC00454764","LONGMIRE RAINIER NPS, WA US","2003-05","0","1","2","29","1","3.0","0.59","81","6452","2.62","5.0","48.3","59.0","37.6"
"USC00454764","LONGMIRE RAINIER NPS, WA US","2003-06","33","0","0","38","0","0.0","0.64","92","6702","1.41","0.0","57.8","71.5","44.1"
"USC00454764","LONGMIRE RAINIER NPS, WA US","2003-07","89","0","0","37","0","0.0","0.07","97","98","0.12","0.0","63.6","80.2","47.1"
"USC00454764","LONGMIRE RAINIER NPS, WA US","2003-08","116","0","0","39","0","0.0","0.00","90","193","0.00","0.0","62.7","79.2","46.3"
"USC00454764","LONGMIRE RAINIER NPS, WA US","2003-09","154","0","0","35","0","0.0","0.75","92","432","2.37","0.0","58.4","72.1","44.7"
"USC00454764","LONGMIRE RAINIER NPS, WA US","2003-11",,"15","6","16","25","10.0","3.05","51",,"14.28","41.0","33.1","38.7","27.5"
"USC00454764","LONGMIRE RAINIER NPS, WA US","2003-12",,"31","11","14","24","11.5","1.69","44",,"9.44","48.0","32.6","36.8","28.4"
"USC00454764","LONGMIRE RAINIER NPS, WA US","2004-01","0","31","11","6","33","8.0","3.39","44",,"16.83","45.0","31.9","35.9","28.0"
"USC00454764","LONGMIRE RAINIER NPS, WA US","2004-02","0","29","5","24","31","6.0","0.71","48",,"4.70","15.0","34.9","40.5","29.3"
"USC00454764","LONGMIRE RAINIER NPS, WA US","2004-03","0","27","5","28","28","8.0","1.88","69",,"7.17","18.0","40.1","48.3","31.9"
"USC00454764","LONGMIRE RAINIER NPS, WA US","2004-04","0","0","0","29","0","0.0","0.41","81",,"1.82","0.0","46.9","59.0","34.8"
"USC00454764","LONGMIRE RAINIER NPS, WA US","2004-05","0","0","0","35","0","0.0","1.21","78",,"6.22","0.0","49.6","59.0","40.3"
"USC00454764","LONGMIRE RAINIER NPS, WA US","2004-06","5","0","0","36","0","0.0","1.02","89",,"2.96","0.0","57.0","69.2","44.8"
"USC00454764","LONGMIRE RAINIER NPS, WA US","2004-07","61","0","0","44","0","0.0","0.08","97","64","0.32","0.0","64.9","79.1","50.8"
"USC00454764","LONGMIRE RAINIER NPS, WA US","2004-08","114","0","0","46","0","0.0","2.35","91","174","8.45","0.0","63.1","75.2","51.0"
"USC00454764","LONGMIRE RAINIER NPS, WA US","2004-09","115","0","0","38","0","0.0","1.48","83","528","6.38","0.0","53.3","63.3","43.3"
"USC00454764","LONGMIRE RAINIER NPS, WA US","2004-10","115","0","0","30","0","0.5","1.36","75","1083","7.17","0.5","47.1","56.0","38.2"
"USC00454764","LONGMIRE RAINIER NPS, WA US","2004-11","115","5","2","22","6","5.0","1.85","54","1856","7.40","8.0","37.4","43.4","31.4"
"USC00454764","LONGMIRE RAINIER NPS, WA US","2004-12","115","13","2","26","5","3.0","1.41","50","2751","7.33","6.0","35.2","39.8","30.6"
"USC00454764","LONGMIRE RAINIER NPS, WA US","2005-01","0","19","7","15","8","3.0","3.58","57","3655","6.76","14.5","34.8","40.5","29.1"
"USC00454764","LONGMIRE RAINIER NPS, WA US","2005-02","0","21","4","17","5","4.0","0.90","58","4473","1.96","10.5","35.8","45.0","26.5"
"USC00454764","LONGMIRE RAINIER NPS, WA US","2005-03","0","6","4","28","4","3.0","2.60","69","5143","7.76","10.5","41.3","50.0","32.6"
"USC00454764","LONGMIRE RAINIER NPS, WA US","2005-04","0","3","2","27","1","1.5","0.74","70","5826","5.61","3.5","42.2","50.3","34.1"
"USC00454764","LONGMIRE RAINIER NPS, WA US","2005-05","8","0","0","34","0","0.0","0.93","90","6261","5.61","0.0","50.9","59.9","41.9"
"USC00454764","LONGMIRE RAINIER NPS, WA US","2005-06","9","0","0","37","0","0.0","0.89","85","6609","4.18","0.0","52.6","61.4","43.7"
"USC00454764","LONGMIRE RAINIER NPS, WA US","2005-07","29","0","0","43","0","0.0","1.06","88","128","1.99","0.0","61.4","75.0","47.9"
"USC00454764","LONGMIRE RAINIER NPS, WA US","2005-08","74","0","0","40","0","0.0","0.60","93","225","1.21","0.0","63.4","78.3","48.4"
"USC00454764","LONGMIRE RAINIER NPS, WA US","2005-09","74","0","0","33","0","0.0","2.98","79","607","4.04","0.0","52.3","64.6","40.0"
"USC00454764","LONGMIRE RAINIER NPS, WA US","2005-10","74","0","0","29","0","0.0","1.61","65","1135","8.06","0.0","45.4","52.9","38.0"
"USC00454764","LONGMIRE RAINIER NPS, WA US","2005-11","74","19","6","19","16","12.0","1.35","48","2018","10.94","30.5","35.6","40.6","30.5"
"USC00454764","LONGMIRE RAINIER NPS, WA US","2005-12","74","28","5","18","20","8.0","1.84","48","2985","11.44","18.5","31.5","36.6","26.4"
"USC00454764","LONGMIRE RAINIER NPS, WA US","2006-01","0","20","11","27","15","6.0","3.07","45","3901","20.51","33.0","34.5","38.0","30.9"
"USC00454764","LONGMIRE RAINIER NPS, WA US","2006-02","0","28","8","12","22","6.0","1.15","47","4854","7.46","18.5","30.9","37.4","24.5"
"USC00454764","LONGMIRE RAINIER NPS, WA US","2006-03","0","31","10","22","32","10.0","1.15","54","5733","4.21","30.5","35.9","43.1","28.6"
"USC00454764","LONGMIRE RAINIER NPS, WA US","2006-04","0","10","3","26","15","3.0","0.68","72","6351","4.08","5.5","43.0","53.6","32.4"
"USC00454764","LONGMIRE RAINIER NPS, WA US","2006-05","6","0","0","28","0","0.0","1.15","87","6806","4.67","0.0","50.1","62.1","38.0"
"USC00454764","LONGMIRE RAINIER NPS, WA US","2006-06","28","0","0","40","0","0.0","0.97","96","7063","3.54","0.0","56.9","68.4","45.4"
"USC00454764","LONGMIRE RAINIER NPS, WA US","2006-07","85","0","0","43","0","0.0","0.31","102","112","0.56","0.0","63.6","78.5","48.7"
"USC00454764","LONGMIRE RAINIER NPS, WA US","2006-08","106","0","0","37","0","0.0","0.20","89","266","0.26","0.0","60.4","74.9","46.0"
"USC00454764","LONGMIRE RAINIER NPS, WA US","2006-09","119","0","0","33","0","0.0","0.79","93","526","2.17","0.0","56.5","70.1","42.8"
"USC00454764","LONGMIRE RAINIER NPS, WA US","2006-10",,"0","0",,"0","0.0",,,,"5.69","0.0",,,
"USC00454764","LONGMIRE RAINIER NPS, WA US","2006-11",,"19","11","9","30","13.0","4.50","55",,"27.89","62.0","35.0","40.4","29.6"
"USC00454764","LONGMIRE RAINIER NPS, WA US","2006-12",,"30","6","16","25","3.0","2.00","43",,"9.83","12.5","30.6","35.2","26.0"
"USC00454764","LONGMIRE RAINIER NPS, WA US","2007-01","0","30","9","6","28","13.0","2.88","45",,"9.72","40.4","28.7","34.3","23.1"
"USC00454764","LONGMIRE RAINIER NPS, WA US","2007-02","0","28","8","20","30","7.0","1.85","49",,"9.91","34.5","34.0","39.9","28.2"
"USC00454764","LONGMIRE RAINIER NPS, WA US","2007-03","0",,"3","17",,"16.0",,"61",,"11.04","18.6","38.0","46.2","29.7"
"USC00454764","LONGMIRE RAINIER NPS, WA US","2007-04","0","3","2","21","3","3.0","0.87","72",,"3.78","5.0","40.5","49.2","31.7"
"USC00454764","LONGMIRE RAINIER NPS, WA US","2007-05","0","0","0","27","0","0.0","1.30","84",,"3.97","0.0","49.5","62.7","36.3"
"USC00454764","LONGMIRE RAINIER NPS, WA US","2007-06","6","0","0","33","0","0.0","0.77","87",,"3.10","0.0","53.9","65.9","41.9"
"USC00454764","LONGMIRE RAINIER NPS, WA US","2007-07","44","0","0","41","0","0.0","0.30","97","93","0.96","0.0","63.2","77.4","48.9"
"USC00454764","LONGMIRE RAINIER NPS, WA US","2007-08","56","0","0","39","0","0.0","0.40","91","284","1.09","0.0","59.2","72.6","45.8"
"USC00454764","LONGMIRE RAINIER NPS, WA US","2007-09","61","0","0","32","0","0.0","0.30","89","590","1.44","0.0","54.5","68.1","41.0"
"USC00454764","LONGMIRE RAINIER NPS, WA US","2007-10","61","0","0","25","0","0.0",,"68","1234","9.83","0.0","42.0","50.4","33.6"
"USC00454764","LONGMIRE RAINIER NPS, WA US","2007-11","61","10","4","19","16","4.0","1.50","57","2052","7.44","22.9","36.8","44.2","29.3"
"USC00454764","LONGMIRE RAINIER NPS, WA US","2007-12","61","31","19","19","45","20.0","3.70","44","3129","17.07","91.4","30.3","34.5","26.1"
"USC00454764","LONGMIRE RAINIER NPS, WA US","2008-01","0","31","15","11","60","9.0","1.46","39","4236","8.84","61.5","28.0","33.5","22.5"
"USC00454764","LONGMIRE RAINIER NPS, WA US","2008-02","0","24","9","20","80","13.0","3.25","47","5150","9.46","64.0","32.3","38.2","26.5"
"USC00454764","LONGMIRE RAINIER NPS, WA US","2008-03","0","27","12","18","70","12.0","0.84","56","6047","7.14","54.6","32.9","40.1","25.7"
"USC00454764","LONGMIRE RAINIER NPS, WA US","2008-04","0","27","8","15","62","7.0",,"58","6840","4.04","28.7","35.6","44.2","27.0"
"USC00454764","LONGMIRE RAINIER NPS, WA US","2008-05","0","20","0","26","47","0.5","1.36","79","7432","5.13","0.5","43.8","54.5","33.2"
"USC00454764","LONGMIRE RAINIER NPS, WA US","2008-06","20","1","1","27","2","2.5","0.95","98","7878","4.51","2.5","50.8","63.2","38.4"
"USC00454764","LONGMIRE RAINIER NPS, WA US","2008-07","32","0","0","35","0","0.0","0.24","90","178","0.76","0.0","59.5","74.8","44.2"
"USC00454764","LONGMIRE RAINIER NPS, WA US","2008-08","78","0","0","36","0","0.0","2.00","97","361","6.76","0.0","60.3","73.6","46.9"
"USC00454764","LONGMIRE RAINIER NPS, WA US","2008-09","87","0","0","30","0","0.0","2.00","91","676","3.43","0.0","54.8","69.1","40.4"
"USC00454764","LONGMIRE RAINIER NPS, WA US","2008-10","87","0","0","22","0","0.0","0.64","79","1288","3.91","0.0","43.9","53.3","34.5"
"USC00454764","LONGMIRE RAINIER NPS, WA US","2008-11","87","2","2","25","1","1.5","4.20","60","2007","14.68","2.5","40.2","46.3","34.0"
"USC00454764","LONGMIRE RAINIER NPS, WA US","2008-12","87","18","12","4","33","17.0","1.52","52","3041","11.22","87.6","28.3","34.1","22.5"
"USC00454764","LONGMIRE RAINIER NPS, WA US","2009-01","0","30","10","9","53","16.5","3.91","42","4054","15.37","60.5","30.2","35.6","24.9"
"USC00454764","LONGMIRE RAINIER NPS, WA US","2009-02","0","26","4","11","39","5.0","1.00","51","4989","2.59","11.0","31.6","39.9","23.4"
"USC00454764","LONGMIRE RAINIER NPS, WA US","2009-03","0","31","14","13","58","13.0","1.30","48","6013","9.57","82.0","32.0","39.0","25.0"
"USC00454764","LONGMIRE RAINIER NPS, WA US","2009-04","0","27","6","19","62","6.0","1.39","68","6760","5.45","18.5","37.3","46.3","28.3"
"USC00454764","LONGMIRE RAINIER NPS, WA US","2009-05","0","15","1","21","33","1.5","2.00","85","7278","6.66","1.5","47.1","60.6","33.7"
"USC00454764","LONGMIRE RAINIER NPS, WA US","2009-06","5","0","0","35","0","0.0","0.60","86","7537","1.84","0.0","56.6","69.5","43.6"
"USC00454764","LONGMIRE RAINIER NPS, WA US","2009-08",,"0","0","36","0","0.0","0.41","94",,"1.48","0.0","60.7","74.5","46.9"
"USC00454764","LONGMIRE RAINIER NPS, WA US","2009-09",,"0","0","34","0","0.0","1.02","87",,"2.91","0.0","56.0","70.5","41.6"
"USC00454764","LONGMIRE RAINIER NPS, WA US","2009-10",,,,,,,,,,"10.60",,,,
"USC00454764","LONGMIRE RAINIER NPS, WA US","2009-11",,"16","8","25","7","7.0","2.35","52",,"14.44","21.8","34.4","39.6","29.2"
"USC00454764","LONGMIRE RAINIER NPS, WA US","2009-12",,,"4","3",,"4.0","1.46","44",,"5.72","13.0","28.1","34.2","22.1"
"USC00454764","LONGMIRE RAINIER NPS, WA US","2010-01","0","4","1","25","2","1.0","1.65","49",,"7.67","1.0","35.9","41.5","30.4"
"USC00454764","LONGMIRE RAINIER NPS, WA US","2010-02","0","0","0","24","0","0.0","0.53","52",,"4.31","0.0","37.4","44.0","30.8"
"USC00454764","LONGMIRE RAINIER NPS, WA US","2010-03","0","9","4","16","5","5.0","1.42","61",,"6.98","11.9","38.0","46.6","29.4"
"USC00454764","LONGMIRE RAINIER NPS, WA US","2010-04","0","15","8","23","10","7.5","0.85","69",,"5.91","24.0","39.1","47.0","31.2"
"USC00454764","LONGMIRE RAINIER NPS, WA US","2010-05","0","3","3","29","5","5.0","1.18","71",,"9.25","7.0","44.3","53.4","35.3"
"USC00454764","LONGMIRE RAINIER NPS, WA US","2010-06","0","0","0","33","0","0.0","0.87","77",,"6.41","0.0","50.5","60.8","40.2"
"USC00454764","LONGMIRE RAINIER NPS, WA US","2010-07","31","0","0","40","0","0.0","0.24","93","188","0.47","0.0","59.9","73.8","46.0"
"USC00454764","LONGMIRE RAINIER NPS, WA US","2010-08","74","0","0","35","0","0.0","0.15","93","375","0.30","0.0","60.4","74.7","46.1"
"USC00454764","LONGMIRE RAINIER NPS, WA US","2010-09","74","0","0","35","0","0.0","2.46","83","750","6.48","0.0","52.5","63.0","42.0"
"USC00454764","LONGMIRE RAINIER NPS, WA US","2010-10","74","2","2","27","3","1.0","1.37","76","1291","4.20","2.0","46.2","56.9","35.6"
"USC00454764","LONGMIRE RAINIER NPS, WA US","2010-11","74","13","9","10","21","14.0","2.35","63","2073","10.81","44.3","34.2","40.2","28.3"
"USC00454764","LONGMIRE RAINIER NPS, WA US","2010-12","74","30","9","8","13","6.5","2.09","43","3093","10.25","26.5","31.0","36.5","25.6"
"USC00454764","LONGMIRE RAINIER NPS, WA US","2011-01","0","29","7","9","17","5.0","2.66","48","4135","9.50","19.5","31.4","36.6","26.1"
"USC00454764","LONGMIRE RAINIER NPS, WA US","2011-02","0","23","10","4","42","25.0","2.65","42","5087","10.88","65.0","29.7","35.9","23.6"
"USC00454764","LONGMIRE RAINIER NPS, WA US","2011-03","0","28","7","19","44","7.0","2.82","47","6002","10.41","24.8","34.5","40.3","28.6"
"USC00454764","LONGMIRE RAINIER NPS, WA US","2011-04","0","30","11","25","22","6.0","0.82","61","6869","7.80","33.5","36.1","42.6","29.7"
"USC00454764","LONGMIRE RAINIER NPS, WA US","2011-05","0","7","1","28","11","1.0","1.57","70","7498","5.15","1.0","43.3","52.7","33.9"
"USC00454764","LONGMIRE RAINIER NPS, WA US","2011-06","0",,,"36",,,"0.75","79","7892","4.28",,"51.8","62.2","41.5"
"USC00454764","LONGMIRE RAINIER NPS, WA US","2011-07","1",,,"38",,,"0.90","82","249","2.69",,"56.6","69.4","43.8"
"USC00454764","LONGMIRE RAINIER NPS, WA US","2011-08","12",,,"40",,,"0.10","89","397","0.24",,"60.6","74.7","46.5"
"USC00454764","LONGMIRE RAINIER NPS, WA US","2011-09","40","0","0","33","0","0.0","0.74","92","618","2.90","0.0","58.6","72.5","44.7"
"USC00454764","LONGMIRE RAINIER NPS, WA US","2011-10","40",,,"26",,,"1.30","70","1243","7.59",,"44.8","52.6","37.1"
"USC00454764","LONGMIRE RAINIER NPS, WA US","2011-11","40","18","8","15","16","11.0","2.31","48","2159","12.78","29.6","33.4","38.6","28.2"
"USC00454764","LONGMIRE RAINIER NPS, WA US","2011-12","40","28","3","17","8","2.0","1.75","46","3167","7.39","5.0","31.4","37.2","25.6"
"USC00454764","LONGMIRE RAINIER NPS, WA US","2012-02",,"26","7","15","25","8.0","2.20","47",,"9.19","29.3","32.9","37.9","27.8"
"USC00454764","LONGMIRE RAINIER NPS, WA US","2012-03",,"29","12","18","35","12.0","0.83","51",,"5.54","43.6","33.2","38.6","27.8"
"USC00454764","LONGMIRE RAINIER NPS, WA US","2012-04",,"20","1","24","27","2.0","1.99","75",,"7.11","2.8","42.0","50.8","33.1"
"USC00454764","LONGMIRE RAINIER NPS, WA US","2012-05",,"0","1","29","0","1.0","1.32","87",,"6.29","1.5","47.4","58.4","36.4"
"USC00454764","LONGMIRE RAINIER NPS, WA US","2012-06",,"0","0","36","0","0.0","0.90","79",,"6.31","0.0","50.8","60.4","41.3"
"USC00454764","LONGMIRE RAINIER NPS, WA US","2012-07",,"0","0","39","0","0.0","0.61","85","138","1.79","0.0","60.9","73.5","48.2"
"USC00454764","LONGMIRE RAINIER NPS, WA US","2012-08",,,,"41",,,"0.03","96","234","0.06",,"64.2","78.8","49.5"
"USC00454764","LONGMIRE RAINIER NPS, WA US","2012-09",,,,"36",,,"0.32","90","441","0.39",,"58.6","73.0","44.3"
"USC00454764","LONGMIRE RAINIER NPS, WA US","2012-10",,,,"31",,,,"75","895","13.24",,"47.5","57.5","37.5"
"USC00454764","LONGMIRE RAINIER NPS, WA US","2012-11",,"0","0","22","0","0.0","1.75","60","1590","9.82","0.0","38.3","44.7","31.9"
"USC00454764","LONGMIRE RAINIER NPS, WA US","2012-12",,"25","17","10","36","10.0",,"44","2531","14.73","75.0","30.1","35.4","24.8"
"USC00454764","LONGMIRE RAINIER NPS, WA US","2013-01","0","27","5","11","56","17.0","2.00","42","3574","8.78","38.9","29.0","34.1","24.0"
"USC00454764","LONGMIRE RAINIER NPS, WA US","2013-02","0","23","8","15","46","6.0","0.58","43","4419","4.18","29.0","31.2","36.8","25.6"
"USC00454764","LONGMIRE RAINIER NPS, WA US","2013-03","0",,"5","15",,"7.0","1.19","58","5250","7.00","28.5","34.2","42.1","26.4"
"USC00454764","LONGMIRE RAINIER NPS, WA US","2013-04","0","29","3","27","36","12.0","1.19","68","6007","10.66","19.3","39.8","47.7","31.9"
"USC00454764","LONGMIRE RAINIER NPS, WA US","2013-05","0",,,"27",,,"0.85","82","6485","5.13",,"49.1","59.6","38.5"
"USC00454764","LONGMIRE RAINIER NPS, WA US","2013-06","6",,,"39",,,"0.90","84","6774","2.67",,"55.6","66.4","44.7"
"USC00454764","LONGMIRE RAINIER NPS, WA US","2013-07","34",,,"40",,,"0.04","90","85","0.04",,"63.2","77.6","48.7"
"USC00454764","LONGMIRE RAINIER NPS, WA US","2013-08","52",,,"46",,,"0.48","84","169","1.75",,"62.8","74.3","51.3"
"USC00454764","LONGMIRE RAINIER NPS, WA US","2013-09","71",,,"37",,,"2.70","90","444","10.99",,"56.3","66.0","46.6"
"USC00454764","LONGMIRE RAINIER NPS, WA US","2013-11",,"5","4","16","4","3.0","1.32","51",,"8.26","7.5","34.0","42.8","25.1"
"USC00454764","LONGMIRE RAINIER NPS, WA US","2013-12",,,,,,,,,,"3.80",,,,
"USC00454764","LONGMIRE RAINIER NPS, WA US","2014-01","0",,"3","21",,"9.0",,"52",,"5.88","12.5","35.3","40.2","30.5"
"USC00454764","LONGMIRE RAINIER NPS, WA US","2014-02","0","28","10","7","29","12.0","2.29","43",,"7.67","45.1","30.0","34.7","25.2"
"USC00454764","LONGMIRE RAINIER NPS, WA US","2014-03","0","31","4","26","19","7.0","2.03","58",,"8.43","11.5","37.7","44.1","31.2"
"USC00454764","LONGMIRE RAINIER NPS, WA US","2014-04","0","7","2","29","3","2.0","1.40","66",,"7.25","3.0","42.2","51.8","32.6"
"USC00454764","LONGMIRE RAINIER NPS, WA US","2014-05","0",,,"31",,,"1.17","85",,"6.20",,"51.2","62.1","40.4"
"USC00454764","LONGMIRE RAINIER NPS, WA US","2014-06","0",,,"37",,,"0.69","76",,"3.81",,"53.8","64.9","42.6"
"USC00454764","LONGMIRE RAINIER NPS, WA US","2014-07","58",,,"41",,,"1.53","91","76","2.21",,"64.4","79.3","49.5"
"USC00454764","LONGMIRE RAINIER NPS, WA US","2014-08","93",,,"42",,,"2.20","90","216","3.06",,"61.6","73.2","50.0"
"USC00454764","LONGMIRE RAINIER NPS, WA US","2014-09","95",,,"40",,,"0.81","83","462","2.70",,"56.9","67.8","46.0"
"USC00454764","LONGMIRE RAINIER NPS, WA US","2014-10","95","0","0","31","0","0.0",,"76","896","11.14","0.0","48.9","57.4","40.5"
"USC00454764","LONGMIRE RAINIER NPS, WA US","2014-11","95",,,"12",,,,"53","1668","13.09",,"35.3","41.9","28.7"
"USC00454764","LONGMIRE RAINIER NPS, WA US","2014-12","95","12","3","13","8","4.5","1.94","49","2534","10.25","10.0","34.8","38.9","30.8"
"USC00454764","LONGMIRE RAINIER NPS, WA US","2015-01","0","17","1","20","7","2.0",,"52","3309","10.08","2.0","36.3","42.0","30.6"
"USC00454764","LONGMIRE RAINIER NPS, WA US","2015-02","0","0","0","25","0","0.0",,"54","3870","8.63","0.0","40.6","48.0","33.1"
"USC00454764","LONGMIRE RAINIER NPS, WA US","2015-03",,,,,,,,,,"6.81",,,,
"USC00454764","LONGMIRE RAINIER NPS, WA US","2015-04",,"6","4","29","4","4.0","0.90","74",,"4.43","10.0","43.1","53.3","32.9"
"USC00454764","LONGMIRE RAINIER NPS, WA US","2015-05",,"0","0","31","0","0.0","0.63","81",,"2.64","0.0","52.6","63.5","41.6"
"USC00454764","LONGMIRE RAINIER NPS, WA US","2015-06",,"0","0","38","0","0.0","0.53","90",,"0.59","0.0","61.7","76.8","46.6"
"USC00454764","LONGMIRE RAINIER NPS, WA US","2015-07",,"0","0","43","0","0.0","0.27","94","98","0.57","0.0","64.8","79.6","50.1"
"USC00454764","LONGMIRE RAINIER NPS, WA US","2015-08",,"0","0","42","0","0.0","1.10","96","200","2.81","0.0","63.1","78.1","48.1"
"USC00454764","LONGMIRE RAINIER NPS, WA US","2015-09",,"0","0","33","0","0.0","0.50","88","578","2.33","0.0","52.5","63.7","41.4"
"USC00454764","LONGMIRE RAINIER NPS, WA US","2015-10",,,,"34",,,,"74","1004","8.85",,"50.3","57.9","42.7"
"USC00454764","LONGMIRE RAINIER NPS, WA US","2015-11",,,,,,,,,,"15.77",,,,
"USC00454764","LONGMIRE RAINIER NPS, WA US","2015-12",,"19","14","13","40","16.0","4.75","50",,"22.79","66.7","31.8","36.8","26.8"
"USC00454764","LONGMIRE RAINIER NPS, WA US","2016-01","0","29","2","15","35","6.0","1.52","42",,"10.14","11.8","31.8","35.8","27.7"
"USC00454764","LONGMIRE RAINIER NPS, WA US","2016-02","0","29","5","26","16","3.0","3.05","52",,"12.09","9.1","36.5","41.4","31.6"
"USC00454764","LONGMIRE RAINIER NPS, WA US","2016-03","0","15","7","26","10","6.5","2.15","65",,"12.43","21.5","37.6","43.1","32.0"
"USC00454764","LONGMIRE RAINIER NPS, WA US","2016-04","0","0","0","30","0","0.0","0.60","85",,"1.76","0.0","49.8","62.4","37.1"
"USC00454764","LONGMIRE RAINIER NPS, WA US","2016-05","1","0","0","34","0","0.0","0.70","80",,"2.67","0.0","51.8","62.8","40.8"
"USC00454764","LONGMIRE RAINIER NPS, WA US","2016-06","27","0","0","34","0","0.0","0.81","95",,"4.84","0.0","55.8","68.4","43.2"
"USC00454764","LONGMIRE RAINIER NPS, WA US","2016-07","35","0","0","43","0","0.0","0.60","85","187","1.82","0.0","59.2","70.6","47.9"
"USC00454764","LONGMIRE RAINIER NPS, WA US","2016-08","70","0","0","41","0","0.0","0.25","93","314","0.87","0.0","62.1","77.0","47.1"
"USC00454764","LONGMIRE RAINIER NPS, WA US","2016-09","70","0","0","35","0","0.0","2.34","78","692","5.04","0.0","52.4","63.9","40.9"
"USC00454764","LONGMIRE RAINIER NPS, WA US","2016-10",,,,,,,,,,"19.93",,,,
"USC00454764","LONGMIRE RAINIER NPS, WA US","2016-11",,,,,,,,,,"9.65",,,,
"USC00454764","LONGMIRE RAINIER NPS, WA US","2016-12",,,,,,,,,,"10.33",,,,
"USC00454764","LONGMIRE RAINIER NPS, WA US","2017-01","0","30","5","8","40","11.0","1.79","42",,"5.22","25.2","26.8","32.8","20.8"
"USC00454764","LONGMIRE RAINIER NPS, WA US","2017-02","0","25","10","17","30","6.0","1.94","47",,"11.64","29.1","31.0","36.5","25.6"
"USC00454764","LONGMIRE RAINIER NPS, WA US","2017-03","0","29","6","20","38","8.0","1.65","47",,"15.83","25.0","34.1","39.7","28.5"
"USC00454764","LONGMIRE RAINIER NPS, WA US","2017-04","0","11","1","26","12","1.0","0.89","68",,"8.37","1.0","39.1","46.9","31.2"
"USC00454764","LONGMIRE RAINIER NPS, WA US","2017-05","4","1","1","30","2","2.5","1.27","91",,"5.06","2.5","50.0","62.4","37.6"
"USC00454764","LONGMIRE RAINIER NPS, WA US","2017-06","22","0","0","34","0","0.0","0.95","99",,"3.15","0.0","55.6","68.4","42.8"
"USC00454764","LONGMIRE RAINIER NPS, WA US","2017-07","38","0","0","38","0","0.0","0.00","89","110","0.00","0.0","61.9","78.9","45.0"
"USC00454764","LONGMIRE RAINIER NPS, WA US","2017-08","133","0","0","37","0","0.0","0.23","99","200","0.28","0.0","65.2","83.0","47.3"
"USC00454764","LONGMIRE RAINIER NPS, WA US","2017-09","167","0","0","33","0","0.0","0.68","98","494","2.29","0.0","56.3","71.0","41.6"
"USC00454764","LONGMIRE RAINIER NPS, WA US","2017-10","167","0","0","27","0","0.0",,"64","1072","13.55","0.0","43.6","53.7","33.4"
"USC00454764","LONGMIRE RAINIER NPS, WA US","2017-11","167","14","7","25","8","7.0","2.20","55","1887","15.86","21.0","35.9","39.8","32.1"
"USC00454764","LONGMIRE RAINIER NPS, WA US","2017-12",,"22","4",,"10","7.0",,,,"15.67","16.2",,,
"USC00454764","LONGMIRE RAINIER NPS, WA US","2018-01","0","23","7","26","7","6.0","1.50","49",,"11.15","27.0","35.3","38.4","32.2"
"USC00454764","LONGMIRE RAINIER NPS, WA US","2018-02","0","18","10","10","28","8.0","1.46","47",,"11.59","49.9","31.2","36.2","26.2"
"USC00454764","LONGMIRE RAINIER NPS, WA US","2018-03","0","31","6","21","28","4.0","0.94","56",,"5.44","13.3","35.7","42.6","28.8"
"USC00454764","LONGMIRE RAINIER NPS, WA US","2018-04","0","10","3","24","7","5.0","1.50","80",,"10.31","10.2","41.4","49.4","33.3"
"USC00454764","LONGMIRE RAINIER NPS, WA US","2018-05","1","0","0","35","0","0.0","0.98","83",,"2.39","0.0","53.8","65.0","42.6"
"USC00454764","LONGMIRE RAINIER NPS, WA US","2018-06","9","0","0","34","0","0.0","0.66","89",,"2.38","0.0","54.5","65.8","43.2"
"USC00454764","LONGMIRE RAINIER NPS, WA US","2018-07","97","0","0","43","0","0.0","0.21","95","71","0.21","0.0","65.8","81.6","49.9"
"USC00454764","LONGMIRE RAINIER NPS, WA US","2018-08","161","0","0","44","0","0.0","0.25","94","169","0.51","0.0","63.9","78.2","49.6"
"USC00454764","LONGMIRE RAINIER NPS, WA US","2018-09","163","0","0","33","0","0.0","0.56","85","497","2.39","0.0","54.2","66.7","41.6"
"USC00454764","LONGMIRE RAINIER NPS, WA US","2018-10","163","0","0","28","0","0.0",,"68","1012","7.87","0.0","45.2","54.7","35.7"
"USC00454764","LONGMIRE RAINIER NPS, WA US","2018-11","163","2","2","22","1","1.0","2.54","66","1725","11.56","2.0","37.7","43.7","31.6"
"USC00454764","LONGMIRE RAINIER NPS, WA US","2018-12","163","9","6","16","11","8.0",,"43","2623","13.63","16.4","31.7","37.4","26.0"
"USC00454764","LONGMIRE RAINIER NPS, WA US","2019-01",,,,,,,,,,"6.14",,,,
"USC00454764","LONGMIRE RAINIER NPS, WA US","2019-02",,"24","12","10","34","16.0","2.08","50",,"8.68","75.9","28.0","34.4","21.6"
"USC00454764","LONGMIRE RAINIER NPS, WA US","2019-03",,"31","5",,"30","4.0","0.75","65",,"2.18","16.5",,"46.2",
"USC00454764","LONGMIRE RAINIER NPS, WA US","2019-04",,"0","0",,"0","0.0","1.55","62",,"6.81","0.0",,"50.4",
"USC00454764","LONGMIRE RAINIER NPS, WA US","2019-05",,"0","0","28","0","0.0",,"83",,"2.65","0.0","52.2","65.0","39.4"
"USC00454764","LONGMIRE RAINIER NPS, WA US","2019-06",,"0","0","35","0","0.0","0.94","89",,"2.51","0.0","54.7","67.4","42.0"
"USC00454764","LONGMIRE RAINIER NPS, WA US","2019-07",,"0","0","38","0","0.0","0.48","87","159","1.58","0.0","59.8","73.0","46.5"
"USC00454764","LONGMIRE RAINIER NPS, WA US","2019-08",,"0","0","41","0","0.0","0.55","92","279","1.38","0.0","61.8","76.1","47.6"
"USC00454764","LONGMIRE RAINIER NPS, WA US","2019-09",,"0","0","29","0","0.0","0.87","83","620","5.70","0.0","53.3","63.5","43.1"
"USC00454764","LONGMIRE RAINIER NPS, WA US","2019-10",,"0","1","17","0","2.0","1.70","59","1373","8.15","2.0","39.9","49.2","30.5"
"USC00454764","LONGMIRE RAINIER NPS, WA US","2019-11",,,,,,,,,,"4.10",,,,
"USC00454764","LONGMIRE RAINIER NPS, WA US","2019-12",,"18","4",,"5","3.5",,"52",,"10.49","8.0",,"38.0",
"USC00454764","LONGMIRE RAINIER NPS, WA US","2020-01","0","26","12","16","39","17.0","3.60","45",,"23.17","73.3","31.9","36.6","27.2"
"USC00454764","LONGMIRE RAINIER NPS, WA US","2020-02","0","27","11","17","29","8.8","3.14","50",,"19.76","44.8","31.0","37.3","24.8"
"USC00454764","LONGMIRE RAINIER NPS, WA US","2020-03","0","27","7","17","31","9.0",,"57",,"6.37","33.0","33.6","42.1","25.1"
"USC00454764","LONGMIRE RAINIER NPS, WA US","2020-04","0","20","1","23","25","4.0","0.68","68",,"2.37","4.0","42.2","53.4","30.9"
"USC00454764","LONGMIRE RAINIER NPS, WA US","2020-05","0","0","0","27","0","0.0",,"84",,"4.54","0.0","49.0","60.7","37.3"
"USC00454764","LONGMIRE RAINIER NPS, WA US","2020-06","6","0","0","35","0","0.0","0.82","89",,"4.50","0.0","53.2","64.8","41.6"
"USC00454764","LONGMIRE RAINIER NPS, WA US","2020-07","42","0","0","42","0","0.0","0.15","96","170","0.37","0.0","60.5","73.8","47.2"
"USC00454764","LONGMIRE RAINIER NPS, WA US","2020-08","74","0","0","36","0","0.0","0.32","95","326","0.49","0.0","61.0","76.3","45.7"
"USC00454764","LONGMIRE RAINIER NPS, WA US","2020-09","90","0","0","37","0","0.0","2.18","92","541","4.20","0.0","57.9","69.8","46.0"
"USC00454764","LONGMIRE RAINIER NPS, WA US","2020-10",,"0","0","24","0","0.0",,"79",,"10.32","0.0","44.1","50.9","37.3"
"USC00454764","LONGMIRE RAINIER NPS, WA US","2020-11",,"16","5","22","6","4.0",,"52",,"11.13","15.5","34.5","38.9","30.1"
"USC00454764","LONGMIRE RAINIER NPS, WA US","2020-12",,"22","5","19","4","4.0",,"47",,"11.26","11.0","32.9","37.5","28.3"
"USC00454764","LONGMIRE RAINIER NPS, WA US","2021-01","0","12","5","21","5","4.0","2.35","54",,"12.20","11.0","34.2","39.9","28.6"
"USC00454764","LONGMIRE RAINIER NPS, WA US","2021-02","0","25","17","12","47","14.0","2.30","44",,"15.18","83.5","29.6","34.2","24.9"
"USC00454764","LONGMIRE RAINIER NPS, WA US","2021-03","0","30","5","20","45","7.0","0.98","53",,"5.76","19.0","35.0","42.9","27.1"
"USC00454764","LONGMIRE RAINIER NPS, WA US","2021-04","0","23","1","24","31","2.0",,"80",,"1.35","2.5","43.1","56.6","29.7"
"USC00454764","LONGMIRE RAINIER NPS, WA US","2021-05",,,,,,,,,,"3.46",,,,
"USC00454764","LONGMIRE RAINIER NPS, WA US","2021-06",,"0","0","34","0","0.0","0.70","105",,"3.39","0.0","59.8","74.5","45.0"
"USC00454764","LONGMIRE RAINIER NPS, WA US","2021-07",,"0","0","41","0","0.0","0.00","95","58","0.00","0.0","64.5","80.4","48.6"
"USC00454764","LONGMIRE RAINIER NPS, WA US","2021-08",,"0","0","39","0","0.0","0.19","98","228","0.76","0.0","62.1","75.8","48.5"
"USC00454764","LONGMIRE RAINIER NPS, WA US","2021-09",,"0","0","30","0","0.0","1.42","89","544","5.59","0.0","53.9","66.6","41.3"
"USC00454764","LONGMIRE RAINIER NPS, WA US","2021-10",,"0","0","27","0","0.0","1.95","68","1143","9.44","0.0","43.8","53.0","34.6"
"USC00454764","LONGMIRE RAINIER NPS, WA US","2021-11",,"6","5","25","6","5.0",,"54","1867","18.10","12.0","39.2","45.6","32.8"
"USC00454764","LONGMIRE RAINIER NPS, WA US","2021-12",,"24","21","12","37","11.0","1.16","48","2916","12.82","100.8","30.0","34.3","25.7"
"USC00454764","LONGMIRE RAINIER NPS, WA US","2022-01","0","31","6","9","42","8.5","2.73","46","3952","12.99","31.5","31.6","36.3","26.9"
"USC00454764","LONGMIRE RAINIER NPS, WA US","2022-02","0","28","7","4","36","9.0","2.31","51","4895","5.91","28.5","31.3","37.9","24.7"
"USC00454764","LONGMIRE RAINIER NPS, WA US","2022-03","0","31","2","20","24","5.0","2.90","63","5744","8.06","6.0","37.6","45.3","29.9"
"USC00454764","LONGMIRE RAINIER NPS, WA US","2022-04","0","21","9","22","14","12.0",,"62","6499","6.23","36.5","37.0","44.4","29.7"
"USC00454764","LONGMIRE RAINIER NPS, WA US","2022-05",,,,,,,,,,"8.85",,,,
"USC00454764","LONGMIRE RAINIER NPS, WA US","2022-06",,"0","0","37","0","0.0","1.48","92",,"7.16","0.0","53.7","64.3","43.1"
"USC00454764","LONGMIRE RAINIER NPS, WA US","2022-07",,"0","0","41","0","0.0","0.10","95","130","0.30","0.0","63.3","78.1","48.5"
"USC00454764","LONGMIRE RAINIER NPS, WA US","2022-08",,"0","0","41","0","0.0","0.03","95","177","0.09","0.0","66.3","81.9","50.7"
"USC00454764","LONGMIRE RAINIER NPS, WA US","2022-09",,"0","0","32","0","0.0","0.11","97","341","0.22","0.0","60.8","75.1","46.5"
"USC00454764","LONGMIRE RAINIER NPS, WA US","2022-10",,"0","0","30","0","0.0","2.34","83","644","5.76","0.0","54.2","66.3","42.2"
"USC00454764","LONGMIRE RAINIER NPS, WA US","2022-11",,"20","9","21","15","12.0",,"49","1469","11.30","35.0","33.3","39.8","26.8"
"USC00454764","LONGMIRE RAINIER NPS, WA US","2022-12",,,,,,,,,,"10.70",,,,
"USC00454764","LONGMIRE RAINIER NPS, WA US","2023-01","0","30","5","12","14","7.0","0.90","46",,"5.12","12.2","32.8","38.5","27.2"
"USC00454764","LONGMIRE RAINIER NPS, WA US","2023-02","0","24","10","6","26","8.0",,"42",,"6.27","35.2","30.4","37.1","23.7"
"USC00454764","LONGMIRE RAINIER NPS, WA US","2023-03","0","26","8","15","30","10.0",,"55",,"4.17","36.7","34.1","43.5","24.8"
"USC00454764","LONGMIRE RAINIER NPS, WA US","2023-04",,,,,,,,,,"4.51",,,,
"USC00454764","LONGMIRE RAINIER NPS, WA US","2023-05",,"0","0","34","0","0.0",,"83",,"1.48","0.0","54.1","67.2","41.0"
"USC00454764","LONGMIRE RAINIER NPS, WA US","2023-06",,"0","0","36","0","0.0","0.41","84",,"2.02","0.0","55.3","68.5","42.0"
"USC00454764","LONGMIRE RAINIER NPS, WA US","2023-07",,"0","0","42","0","0.0","0.24","90","87","0.29","0.0","63.3","79.1","47.6"
"USC00454764","LONGMIRE RAINIER NPS, WA US","2023-08",,"0","0","41","0","0.0","0.30","100","176","0.69","0.0","64.4","79.6","49.3"
"USC00454764","LONGMIRE RAINIER NPS, WA US","2023-09",,"0","0","34","0","0.0","2.45","87","497","7.64","0.0","54.1","65.5","42.6"
"USC00454764","LONGMIRE RAINIER NPS, WA US","2023-12",,,,"24",,,,"55",,"15.14",,"36.4","42.1","30.8"
"USC00454764","LONGMIRE RAINIER NPS, WA US","2024-01","0","23","8","3","31","16.0",,"46",,"13.96","53.1","31.7","35.1","28.3"
"USC00454764","LONGMIRE RAINIER NPS, WA US","2024-02","0","11","5","22","6","4.0","0.82","48",,"5.44","12.5","34.9","39.0","30.8"
"USC00454764","LONGMIRE RAINIER NPS, WA US","2024-03","0","14","4","18","15","6.0",,"68",,"6.96","18.0","38.1","45.9","30.4"
"USC00454764","LONGMIRE RAINIER NPS, WA US","2024-04","0","1","0","26","1","0.1","0.75","68",,"4.47","0.2","43.7","52.9","34.5"
"USC00454764","LONGMIRE RAINIER NPS, WA US","2024-06",,"0","0","36","0","0.0","1.73","82",,"4.71","0.0","54.6","66.0","43.3"
"USC00454764","LONGMIRE RAINIER NPS, WA US","2024-07",,"0","0","42","0","0.0","1.11","95","99","1.24","0.0","63.9","77.5","50.3"
"USC00454764","LONGMIRE RAINIER NPS, WA US","2024-08",,,,"40",,,"1.20","90","261","2.02",,"60.6","72.1","49.2"
"USC00454764","LONGMIRE RAINIER NPS, WA US","2024-09",,,,"33",,,"0.60","95","469","0.98",,"59.2","71.6","46.9"
"USC00454764","LONGMIRE RAINIER NPS, WA US","2024-10",,,,"31",,,,"74","911","6.04",,"48.0","57.3","38.7"
"USC00454764","LONGMIRE RAINIER NPS, WA US","2024-11",,,,"25",,,,"54","1769",,,"36.4","40.3","32.5"
