"STATION","NAME","DATE","CDSD","EMNT","EMXT","HDSD","PRCP","TAVG","TMAX","TMIN"
"USC00456898","RAINIER PARADISE RANGER STATION, WA US","1980-01","0","-6","49","5238","17.87","21.7","28.6","14.7"
"USC00456898","RAINIER PARADISE RANGER STATION, WA US","1980-02","0","5","46","6230","17.04","30.8","36.9","24.7"
"USC00456898","RAINIER PARADISE RANGER STATION, WA US","1980-03","0","16","45","7423","13.83","26.5","31.6","21.3"
"USC00456898","RAINIER PARADISE RANGER STATION, WA US","1980-04","0","17","66","8272","7.83","36.7","44.1","29.4"
"USC00456898","RAINIER PARADISE RANGER STATION, WA US","1980-05","0","22","66","9050","4.36","38.5","45.6","31.3"
"USC00456898","RAINIER PARADISE RANGER STATION, WA US","1980-06","0","25","58","9809","4.22","39.7","45.3","34.1"
"USC00456898","RAINIER PARADISE RANGER STATION, WA US","1980-07","5","34","76","458","1.79","50.0","56.7","43.3"
"USC00456898","RAINIER PARADISE RANGER STATION, WA US","1980-08","5","29","67","1041","3.74","45.7","51.0","40.3"
"USC00456898","RAINIER PARADISE RANGER STATION, WA US","1980-09","5","30","66","1636","5.72","43.9","49.8","37.9"
"USC00456898","RAINIER PARADISE RANGER STATION, WA US","1980-10","5","24","69","2357","2.41","40.9","47.4","34.3"
"USC00456898","RAINIER PARADISE RANGER STATION, WA US","1980-11","5","11","55","3332","21.84","29.1","34.9","23.2"
"USC00456898","RAINIER PARADISE RANGER STATION, WA US","1980-12","5","5","58","4350","24.11","32.2","37.9","26.5"
"USC00456898","RAINIER PARADISE RANGER STATION, WA US","1981-01","0","16","50","5287","4.64","34.8","40.7","28.8"
"USC00456898","RAINIER PARADISE RANGER STATION, WA US","1981-02","0","2","51","6300","18.34","28.8","36.0","21.6"
"USC00456898","RAINIER PARADISE RANGER STATION, WA US","1981-03","0","11","51","7334","7.65","31.6","39.3","24.0"
"USC00456898","RAINIER PARADISE RANGER STATION, WA US","1981-04","0","15","62","8325","16.81","32.0","38.9","25.0"
"USC00456898","RAINIER PARADISE RANGER STATION, WA US","1981-05","0","17","65","9186","5.47","37.2","45.3","29.1"
"USC00456898","RAINIER PARADISE RANGER STATION, WA US","1981-06","0","25","67","9935","10.43","40.0","47.1","33.0"
"USC00456898","RAINIER PARADISE RANGER STATION, WA US","1981-07","0","26","74","502","3.44","48.8","57.4","40.2"
"USC00456898","RAINIER PARADISE RANGER STATION, WA US","1981-08","43","35","83","769","0.74","57.8","66.6","49.1"
"USC00456898","RAINIER PARADISE RANGER STATION, WA US","1981-09","60","22","82","1293","7.22","48.1","55.9","40.3"
"USC00456898","RAINIER PARADISE RANGER STATION, WA US","1981-10","60","19","62","2150","11.92","37.3","44.2","30.5"
"USC00456898","RAINIER PARADISE RANGER STATION, WA US","1981-11","60","17","64","3096","10.80","33.5","38.8","28.1"
"USC00456898","RAINIER PARADISE RANGER STATION, WA US","1981-12","60","9","43","4358","25.67","24.3","30.2","18.4"
"USC00456898","RAINIER PARADISE RANGER STATION, WA US","1982-01","0","-1","37","5597","23.65","20.8","26.6","14.9"
"USC00456898","RAINIER PARADISE RANGER STATION, WA US","1982-02","0","2","40","6669","20.56","22.2","29.3","15.0"
"USC00456898","RAINIER PARADISE RANGER STATION, WA US","1982-03","0","12","49","7792",,"27.5","34.5","20.6"
"USC00456898","RAINIER PARADISE RANGER STATION, WA US","1982-04","0","13","59","8814","11.11","29.7","37.1","22.3"
"USC00456898","RAINIER PARADISE RANGER STATION, WA US","1982-05","0","19","69","9630","1.80","37.8","46.2","29.4"
"USC00456898","RAINIER PARADISE RANGER STATION, WA US","1982-06","0","25","73","10087","1.32","49.2","57.5","40.9"
"USC00456898","RAINIER PARADISE RANGER STATION, WA US","1982-07","15","30","80","453","2.75","50.3","58.9","41.6"
"USC00456898","RAINIER PARADISE RANGER STATION, WA US","1982-08","23","31","80","876","1.38","51.6","60.2","43.0"
"USC00456898","RAINIER PARADISE RANGER STATION, WA US","1982-09","25","25","76","1406","6.68","46.6","54.4","38.8"
"USC00456898","RAINIER PARADISE RANGER STATION, WA US","1982-10","25","18","67","2235","13.12","38.2","44.5","31.9"
"USC00456898","RAINIER PARADISE RANGER STATION, WA US","1982-11","25","12","46","3344","12.72","28.0","33.9","22.1"
"USC00456898","RAINIER PARADISE RANGER STATION, WA US","1982-12","25","-1","44","4539","15.27","25.2","32.3","18.1"
"USC00456898","RAINIER PARADISE RANGER STATION, WA US","1983-01","0","14","51","5589","21.45","30.0","35.7","24.2"
"USC00456898","RAINIER PARADISE RANGER STATION, WA US","1983-02","0","18","47","6608","14.19","28.6","34.2","23.0"
"USC00456898","RAINIER PARADISE RANGER STATION, WA US","1983-03","0","18","43","7653","13.22","31.3","37.0","25.6"
"USC00456898","RAINIER PARADISE RANGER STATION, WA US","1983-04","0","15","58","8539","4.03","34.5","41.9","27.0"
"USC00456898","RAINIER PARADISE RANGER STATION, WA US","1983-05","4","18","76","9203","6.59","42.2","50.9","33.5"
"USC00456898","RAINIER PARADISE RANGER STATION, WA US","1983-06","4","29","66","9886","5.69","41.6","48.5","34.8"
"USC00456898","RAINIER PARADISE RANGER STATION, WA US","1983-07","9","31","79","535","7.12","47.0","54.2","39.8"
"USC00456898","RAINIER PARADISE RANGER STATION, WA US","1983-08","10","39","77","883","1.26","52.9","61.6","44.1"
"USC00456898","RAINIER PARADISE RANGER STATION, WA US","1983-09","10","25","67","1499","4.24","42.3","50.1","34.6"
"USC00456898","RAINIER PARADISE RANGER STATION, WA US","1983-10","10","24","63","2219","4.17","40.0","47.0","33.0"
"USC00456898","RAINIER PARADISE RANGER STATION, WA US","1983-11","10","4","45","3343","32.28","27.5","33.3","21.7"
"USC00456898","RAINIER PARADISE RANGER STATION, WA US","1983-12","10","-17","37","4779","15.44","17.3","24.8","9.9"
"USC00456898","RAINIER PARADISE RANGER STATION, WA US","1984-01","0","5","51","5887","21.25","29.3","35.0","23.6"
"USC00456898","RAINIER PARADISE RANGER STATION, WA US","1984-02","0","2","54","6885","11.86","29.4","36.2","22.5"
"USC00456898","RAINIER PARADISE RANGER STATION, WA US","1984-03","0","17","53","7921","12.94","31.6","37.9","25.2"
"USC00456898","RAINIER PARADISE RANGER STATION, WA US","1984-04","0","15","58","8964","7.46","30.2","37.5","23.0"
"USC00456898","RAINIER PARADISE RANGER STATION, WA US","1984-05","0","18","70","9895","11.78","34.1","41.7","26.4"
"USC00456898","RAINIER PARADISE RANGER STATION, WA US","1984-06","0","22","67","10618","5.04","40.9","48.5","33.3"
"USC00456898","RAINIER PARADISE RANGER STATION, WA US","1984-07","4","31","76","385","0.00","51.9","61.2","42.4"
"USC00456898","RAINIER PARADISE RANGER STATION, WA US","1984-08","5","29","76","820","0.28","51.0","60.6","41.4"
"USC00456898","RAINIER PARADISE RANGER STATION, WA US","1984-09","5","21","68","1448","4.57","43.2","50.8","35.7"
"USC00456898","RAINIER PARADISE RANGER STATION, WA US","1984-10","5","11","63","2413","11.81","33.9","40.1","27.6"
"USC00456898","RAINIER PARADISE RANGER STATION, WA US","1984-11","5","7","54","3526","20.97","27.9","33.8","22.1"
"USC00456898","RAINIER PARADISE RANGER STATION, WA US","1984-12","5","2","44","4802","16.19","22.6","28.7","16.5"
"USC00456898","RAINIER PARADISE RANGER STATION, WA US","1985-01","0","9","53","5786","1.21","33.2","39.5","27.0"
"USC00456898","RAINIER PARADISE RANGER STATION, WA US","1985-02","0","1","45","6920","13.08","23.2","28.6","17.8"
"USC00456898","RAINIER PARADISE RANGER STATION, WA US","1985-03","0","12","56","8012","11.92","28.5","35.8","21.2"
"USC00456898","RAINIER PARADISE RANGER STATION, WA US","1985-04","0","12","63","8939","7.99","34.1","41.7","26.6"
"USC00456898","RAINIER PARADISE RANGER STATION, WA US","1985-05","0","15","68","9716","2.51","39.9","49.3","30.6"
"USC00456898","RAINIER PARADISE RANGER STATION, WA US","1985-06","0","25","77","10299","5.44","45.6","55.3","35.9"
"USC00456898","RAINIER PARADISE RANGER STATION, WA US","1985-07","15","38","79","186","0.11","59.3","69.3","49.3"
"USC00456898","RAINIER PARADISE RANGER STATION, WA US","1985-08","15","32","72","638","2.09","50.4","59.8","41.1"
"USC00456898","RAINIER PARADISE RANGER STATION, WA US","1985-09","15","26","65","1300","6.33","42.3","50.0","34.6"
"USC00456898","RAINIER PARADISE RANGER STATION, WA US","1985-10","15","15","60","2261","11.31","34.0","41.4","26.6"
"USC00456898","RAINIER PARADISE RANGER STATION, WA US","1985-11","15","-3","43","3628","15.77","19.4","26.5","12.4"
"USC00456898","RAINIER PARADISE RANGER STATION, WA US","1985-12","15","-7","60","4599","5.47","33.7","40.3","27.1"
"USC00456898","RAINIER PARADISE RANGER STATION, WA US","1986-01","0","12","56","5652","16.63","31.0","38.6","23.4"
"USC00456898","RAINIER PARADISE RANGER STATION, WA US","1986-02","0","3","56","6747","15.64","25.9","33.3","18.5"
"USC00456898","RAINIER PARADISE RANGER STATION, WA US","1986-03","0","16","57","7711","9.81","33.9","41.7","26.1"
"USC00456898","RAINIER PARADISE RANGER STATION, WA US","1986-04","0","10","61","8761","8.31","30.0","38.6","21.4"
"USC00456898","RAINIER PARADISE RANGER STATION, WA US","1986-05","14","14","83","9559","5.76","39.7","48.0","31.4"
"USC00456898","RAINIER PARADISE RANGER STATION, WA US","1986-06","19","29","85","9945","1.60","51.3","61.2","41.4"
"USC00456898","RAINIER PARADISE RANGER STATION, WA US","1986-07","19","30","72","521","1.66","47.6","56.5","38.7"
"USC00456898","RAINIER PARADISE RANGER STATION, WA US","1986-08","59","40","83","692","0.67","60.8","70.8","50.8"
"USC00456898","RAINIER PARADISE RANGER STATION, WA US","1986-09","59","28","72","1355","8.96","42.9","49.9","35.9"
"USC00456898","RAINIER PARADISE RANGER STATION, WA US","1986-10","59","31","68","1917","8.28","46.9","53.5","40.2"
"USC00456898","RAINIER PARADISE RANGER STATION, WA US","1986-11","59","12","61","2949","25.80","30.6","36.3","24.9"
"USC00456898","RAINIER PARADISE RANGER STATION, WA US","1986-12","59","2","50","4016","10.39","30.6","36.2","24.9"
"USC00456898","RAINIER PARADISE RANGER STATION, WA US","1987-01","0","8","46","5166","12.33","27.9","33.4","22.4"
"USC00456898","RAINIER PARADISE RANGER STATION, WA US","1987-02","0","13","55","6144","7.99","30.1","36.0","24.2"
"USC00456898","RAINIER PARADISE RANGER STATION, WA US","1987-03","0","16","57","7172","16.07","30.7","37.0","24.4"
"USC00456898","RAINIER PARADISE RANGER STATION, WA US","1987-04","1","14","78","7939","7.06","38.4","46.9","29.9"
"USC00456898","RAINIER PARADISE RANGER STATION, WA US","1987-05","1","10","74","8644","7.07","41.5","50.5","32.5"
"USC00456898","RAINIER PARADISE RANGER STATION, WA US","1987-06","11","26","78","9101","1.69","49.6","59.9","39.3"
"USC00456898","RAINIER PARADISE RANGER STATION, WA US","1987-07","13","31","77","462","2.70","50.1","59.6","40.7"
"USC00456898","RAINIER PARADISE RANGER STATION, WA US","1987-08","27","32","83","802","1.49","53.7","63.4","44.0"
"USC00456898","RAINIER PARADISE RANGER STATION, WA US","1987-09","41","28","89","1161","2.39","53.2","63.6","42.8"
"USC00456898","RAINIER PARADISE RANGER STATION, WA US","1987-10","42","21","76","1647","0.25","48.1","57.7","38.5"
"USC00456898","RAINIER PARADISE RANGER STATION, WA US","1987-11","42","14","58","2558","11.61","33.6","39.0","28.2"
"USC00456898","RAINIER PARADISE RANGER STATION, WA US","1988-01","0","-5","50",,"12.61","25.1","31.9","18.3"
"USC00456898","RAINIER PARADISE RANGER STATION, WA US","1988-02","0","4","59",,"11.15","31.4","38.4","24.3"
"USC00456898","RAINIER PARADISE RANGER STATION, WA US","1988-03","0","12","56",,"17.72","29.2","35.9","22.4"
"USC00456898","RAINIER PARADISE RANGER STATION, WA US","1988-04","0","11","64",,"10.78","35.8","44.1","27.5"
"USC00456898","RAINIER PARADISE RANGER STATION, WA US","1988-05","0","19","73",,"8.24","39.0","47.7","30.3"
"USC00456898","RAINIER PARADISE RANGER STATION, WA US","1988-06","0","28","76",,"2.94","45.5","54.0","36.9"
"USC00456898","RAINIER PARADISE RANGER STATION, WA US","1988-07","16","31","83","360","1.22","53.3","63.3","43.4"
"USC00456898","RAINIER PARADISE RANGER STATION, WA US","1988-08","27","30","84","734","1.02","52.4","63.4","41.3"
"USC00456898","RAINIER PARADISE RANGER STATION, WA US","1988-09","59","27","89","1237","5.00","47.9","58.0","37.9"
"USC00456898","RAINIER PARADISE RANGER STATION, WA US","1988-10","63","25","75","1742","10.63","48.8","57.7","40.0"
"USC00456898","RAINIER PARADISE RANGER STATION, WA US","1988-11","63","10","55","2836","26.95","26.0","32.4","19.5"
"USC00456898","RAINIER PARADISE RANGER STATION, WA US","1988-12","63","-6","53","3952","11.99","27.9","35.5","20.3"
"USC00456898","RAINIER PARADISE RANGER STATION, WA US","1989-01","0","-5","52","5226","21.54","23.9","32.1","15.7"
"USC00456898","RAINIER PARADISE RANGER STATION, WA US","1989-02","0","-18","38","6464","8.43","19.1","25.5","12.7"
"USC00456898","RAINIER PARADISE RANGER STATION, WA US","1989-03","0","4","46","7637","16.45","27.2","33.1","21.2"
"USC00456898","RAINIER PARADISE RANGER STATION, WA US","1989-04","0","17","64","8434","6.83","38.4","45.9","31.0"
"USC00456898","RAINIER PARADISE RANGER STATION, WA US","1989-05","0","21","62","9266","4.58","38.2","46.0","30.3"
"USC00456898","RAINIER PARADISE RANGER STATION, WA US","1989-06","0","28","74","9745","2.03","47.9","57.6","38.2"
"USC00456898","RAINIER PARADISE RANGER STATION, WA US","1989-07","0","32","73","487","2.22","48.7","58.2","39.2"
"USC00456898","RAINIER PARADISE RANGER STATION, WA US","1989-08","1","34","77","925","2.09","49.9","57.1","42.7"
"USC00456898","RAINIER PARADISE RANGER STATION, WA US","1989-09","2","31","76","1303","0.81","51.9","60.8","43.0"
"USC00456898","RAINIER PARADISE RANGER STATION, WA US","1989-10","2","23","64","2069","7.31","39.5","46.7","32.2"
"USC00456898","RAINIER PARADISE RANGER STATION, WA US","1989-11","2","12","55","3045","19.41","32.5","39.0","25.9"
"USC00456898","RAINIER PARADISE RANGER STATION, WA US","1989-12","2","14","58","3983","9.29","33.6","40.4","26.9"
"USC00456898","RAINIER PARADISE RANGER STATION, WA US","1990-01",,,,,"21.95",,,
"USC00456898","RAINIER PARADISE RANGER STATION, WA US","1990-02",,,,,,,,
"USC00456898","RAINIER PARADISE RANGER STATION, WA US","1990-03",,"11","52",,"7.54","32.7","40.3","25.1"
"USC00456898","RAINIER PARADISE RANGER STATION, WA US","1990-04",,"18","64",,"11.13","38.0","46.7","29.3"
"USC00456898","RAINIER PARADISE RANGER STATION, WA US","1990-05",,"17","72",,"7.07","37.5","46.6","28.5"
"USC00456898","RAINIER PARADISE RANGER STATION, WA US","1990-06",,"25","75",,"6.82","43.6","53.8","33.5"
"USC00456898","RAINIER PARADISE RANGER STATION, WA US","1990-07",,"28","92","306","2.12","54.4","67.6","41.2"
"USC00456898","RAINIER PARADISE RANGER STATION, WA US","1990-08",,"28","83","693","4.89","53.3","64.0","42.6"
"USC00456898","RAINIER PARADISE RANGER STATION, WA US","1990-09",,"32","76","1091","0.78","51.7","63.1","40.4"
"USC00456898","RAINIER PARADISE RANGER STATION, WA US","1990-10",,"15","71","2062","17.81","33.7","41.4","26.0"
"USC00456898","RAINIER PARADISE RANGER STATION, WA US","1990-11",,"8","56","3118","32.37","29.8","35.8","23.8"
"USC00456898","RAINIER PARADISE RANGER STATION, WA US","1990-12",,"-14","41","4542","16.70","19.0","25.0","13.1"
"USC00456898","RAINIER PARADISE RANGER STATION, WA US","1991-01","0","12","44","5677","16.78","27.1","32.2","22.0"
"USC00456898","RAINIER PARADISE RANGER STATION, WA US","1991-02","0","19","52","6462","15.49","35.9","41.9","29.8"
"USC00456898","RAINIER PARADISE RANGER STATION, WA US","1991-03","0","12","52","7631","15.13","27.3","33.9","20.7"
"USC00456898","RAINIER PARADISE RANGER STATION, WA US","1991-04","0","16","58","8562","14.73","32.7","40.0","25.4"
"USC00456898","RAINIER PARADISE RANGER STATION, WA US","1991-05","0","20","56","9435","5.44","36.9","44.4","29.3"
"USC00456898","RAINIER PARADISE RANGER STATION, WA US","1991-06","0","23","66","10167","3.92","40.6","48.4","32.8"
"USC00456898","RAINIER PARADISE RANGER STATION, WA US","1991-07","7","34","79","408","0.91","52.1","62.6","41.5"
"USC00456898","RAINIER PARADISE RANGER STATION, WA US","1991-08","16","30","80","721","2.74","55.0","64.7","45.2"
"USC00456898","RAINIER PARADISE RANGER STATION, WA US","1991-09","17","28","77","1079","0.79","52.9","62.0","43.7"
"USC00456898","RAINIER PARADISE RANGER STATION, WA US","1991-10","22","14","79","1813","5.28","41.0","49.6","32.3"
"USC00456898","RAINIER PARADISE RANGER STATION, WA US","1991-11","22","13","50","2781","25.01","30.5","35.8","25.2"
"USC00456898","RAINIER PARADISE RANGER STATION, WA US","1991-12","22","12","45","3753","18.59","30.1","35.6","24.7"
"USC00456898","RAINIER PARADISE RANGER STATION, WA US","1992-01","0","15","50","4838","18.81","30.0","35.5","24.5"
"USC00456898","RAINIER PARADISE RANGER STATION, WA US","1992-02","0","20","58","5696","9.00","34.3","40.5","28.0"
"USC00456898","RAINIER PARADISE RANGER STATION, WA US","1992-03","0","19","57","6524","2.81","38.3","45.7","30.9"
"USC00456898","RAINIER PARADISE RANGER STATION, WA US","1992-04","0","15","66","7371","10.76","35.8","43.3","28.4"
"USC00456898","RAINIER PARADISE RANGER STATION, WA US","1992-05","0","18","77","7896","0.83","46.4","57.3","35.5"
"USC00456898","RAINIER PARADISE RANGER STATION, WA US","1992-06","22","30","82","8313","1.87","51.8","62.0","41.7"
"USC00456898","RAINIER PARADISE RANGER STATION, WA US","1992-07","35","34","82","403","3.36","51.8","60.5","43.1"
"USC00456898","RAINIER PARADISE RANGER STATION, WA US","1992-08","47","31","83","684","1.43","55.3","66.2","44.4"
"USC00456898","RAINIER PARADISE RANGER STATION, WA US","1992-09","50","24","74","1291","7.98","44.9","54.2","35.4"
"USC00456898","RAINIER PARADISE RANGER STATION, WA US","1992-10","50","16","70","2048","5.68","40.6","48.5","32.7"
"USC00456898","RAINIER PARADISE RANGER STATION, WA US","1992-11","50","15","55","3107","20.24","29.7","35.7","23.6"
"USC00456898","RAINIER PARADISE RANGER STATION, WA US","1992-12","50","8","41","4398","16.84","22.0","27.8","16.2"
"USC00456898","RAINIER PARADISE RANGER STATION, WA US","1993-01","0","2","50","5752","12.38","21.3","27.3","15.3"
"USC00456898","RAINIER PARADISE RANGER STATION, WA US","1993-02","0","-1","47","6871","1.42","25.1","31.5","18.6"
"USC00456898","RAINIER PARADISE RANGER STATION, WA US","1993-03","0","16","54","7909","11.44","31.5","39.0","24.0"
"USC00456898","RAINIER PARADISE RANGER STATION, WA US","1993-04","0","16","46","8958","12.41","30.0","36.1","23.9"
"USC00456898","RAINIER PARADISE RANGER STATION, WA US","1993-05","0","21","73","9594","5.34","44.5","53.9","35.1"
"USC00456898","RAINIER PARADISE RANGER STATION, WA US","1993-06","0","21","70","10320","5.95","40.8","48.8","32.8"
"USC00456898","RAINIER PARADISE RANGER STATION, WA US","1993-07","0","30","67","718","3.83","41.8","49.3","34.3"
"USC00456898","RAINIER PARADISE RANGER STATION, WA US","1993-08","2","26","78","1183","1.54","50.1","60.2","39.9"
"USC00456898","RAINIER PARADISE RANGER STATION, WA US","1993-09","2","23","83","1587","0.00","51.3","62.4","40.1"
"USC00456898","RAINIER PARADISE RANGER STATION, WA US","1993-10","2","23","72","2288","4.49","42.4","50.8","33.9"
"USC00456898","RAINIER PARADISE RANGER STATION, WA US","1993-11","2","1","49","3421","6.59","27.2","34.2","20.2"
"USC00456898","RAINIER PARADISE RANGER STATION, WA US","1993-12","2","9","53","4491","14.50","29.3","35.5","23.0"
"USC00456898","RAINIER PARADISE RANGER STATION, WA US","1994-01","0","18","53","5554","14.35","30.7","35.9","25.5"
"USC00456898","RAINIER PARADISE RANGER STATION, WA US","1994-02","0","1","43","6621","18.26","25.5","30.6","20.4"
"USC00456898","RAINIER PARADISE RANGER STATION, WA US","1994-03","0","11","62","7575","12.17","34.2","41.0","27.4"
"USC00456898","RAINIER PARADISE RANGER STATION, WA US","1994-05",,"24","70",,"4.10","41.4","49.5","33.4"
"USC00456898","RAINIER PARADISE RANGER STATION, WA US","1994-07",,"32","85","316","1.18","55.3","65.8","44.7"
"USC00456898","RAINIER PARADISE RANGER STATION, WA US","1994-08",,"35","76","747","0.61","51.1","61.3","40.9"
"USC00456898","RAINIER PARADISE RANGER STATION, WA US","1994-09",,"31","74","1076","5.84","52.1","62.1","42.1"
"USC00456898","RAINIER PARADISE RANGER STATION, WA US","1994-10",,"18","62","1910","14.00","36.3","44.2","28.5"
"USC00456898","RAINIER PARADISE RANGER STATION, WA US","1994-11",,"6","38","2986","22.85","23.4","28.9","17.8"
"USC00456898","RAINIER PARADISE RANGER STATION, WA US","1994-12",,"6","44","4112","25.61","25.0","30.3","19.6"
"USC00456898","RAINIER PARADISE RANGER STATION, WA US","1995-01","0","17","47","5200","14.00","29.9","34.5","25.3"
"USC00456898","RAINIER PARADISE RANGER STATION, WA US","1995-02","0","0","58","6111","13.35","32.5","39.3","25.7"
"USC00456898","RAINIER PARADISE RANGER STATION, WA US","1995-03","0","12","65","7152","13.54","30.4","36.6","24.2"
"USC00456898","RAINIER PARADISE RANGER STATION, WA US","1995-04","0","18","56","8043","7.32","32.2","38.8","25.5"
"USC00456898","RAINIER PARADISE RANGER STATION, WA US","1995-05","0","21","70","8708","4.15","42.9","50.8","35.0"
"USC00456898","RAINIER PARADISE RANGER STATION, WA US","1995-06",,,,,"5.53",,,
"USC00456898","RAINIER PARADISE RANGER STATION, WA US","1995-07",,,,,"2.26",,,
"USC00456898","RAINIER PARADISE RANGER STATION, WA US","1995-08",,"30",,,"3.48",,,"37.9"
"USC00456898","RAINIER PARADISE RANGER STATION, WA US","1995-09",,"34","77",,"5.20","52.0","60.7","43.3"
"USC00456898","RAINIER PARADISE RANGER STATION, WA US","1995-10",,"21","62",,"13.81","35.7","42.3","29.1"
"USC00456898","RAINIER PARADISE RANGER STATION, WA US","1995-11",,,,,"35.42",,,
"USC00456898","RAINIER PARADISE RANGER STATION, WA US","1995-12",,"10","51",,"18.00","28.8","34.4","23.2"
"USC00456898","RAINIER PARADISE RANGER STATION, WA US","1996-02",,"2","60",,"25.35","29.4","35.4","23.4"
"USC00456898","RAINIER PARADISE RANGER STATION, WA US","1996-03",,"14","56",,"7.21","30.7","36.9","24.5"
"USC00456898","RAINIER PARADISE RANGER STATION, WA US","1996-04",,"18","62",,"13.86","34.1","40.1","28.0"
"USC00456898","RAINIER PARADISE RANGER STATION, WA US","1996-05",,,,,"7.17",,,
"USC00456898","RAINIER PARADISE RANGER STATION, WA US","1996-06",,,,,"1.57",,,
"USC00456898","RAINIER PARADISE RANGER STATION, WA US","1996-07",,,"85",,"3.84",,"68.0",
"USC00456898","RAINIER PARADISE RANGER STATION, WA US","1996-08",,,,,"1.09",,,
"USC00456898","RAINIER PARADISE RANGER STATION, WA US","1996-09",,"24","75",,"6.35","43.6","52.2","35.0"
"USC00456898","RAINIER PARADISE RANGER STATION, WA US","1996-10",,"15","74",,"9.70","37.7","45.0","30.5"
"USC00456898","RAINIER PARADISE RANGER STATION, WA US","1996-12",,"5","41",,"32.05","23.5","29.7","17.3"
"USC00456898","RAINIER PARADISE RANGER STATION, WA US","1997-01","0","11","43",,"22.29","27.4","32.1","22.7"
"USC00456898","RAINIER PARADISE RANGER STATION, WA US","1997-02","0","14","49",,"12.35","28.6","34.3","22.9"
"USC00456898","RAINIER PARADISE RANGER STATION, WA US","1997-03","0","15","52",,"24.26","26.8","33.0","20.7"
"USC00456898","RAINIER PARADISE RANGER STATION, WA US","1997-04","0","12","55",,"9.61","31.5","38.0","25.1"
"USC00456898","RAINIER PARADISE RANGER STATION, WA US","1997-05","0","21","70",,"5.41","43.5","51.8","35.2"
"USC00456898","RAINIER PARADISE RANGER STATION, WA US","1997-06",,,,,,,,
"USC00456898","RAINIER PARADISE RANGER STATION, WA US","1997-08",,"40","78",,"1.88","56.8","66.2","47.4"
"USC00456898","RAINIER PARADISE RANGER STATION, WA US","1997-09",,"33","74",,"10.13","49.5","57.5","41.6"
"USC00456898","RAINIER PARADISE RANGER STATION, WA US","1997-10",,"15","63",,"15.70","36.6","43.0","30.1"
"USC00456898","RAINIER PARADISE RANGER STATION, WA US","1997-11",,"12","56",,"12.86","33.8","38.7","29.0"
"USC00456898","RAINIER PARADISE RANGER STATION, WA US","1997-12",,"14","54",,"15.07","29.7","35.5","23.8"
"USC00456898","RAINIER PARADISE RANGER STATION, WA US","1998-01","0","5","41",,"17.64","25.6","30.5","20.7"
"USC00456898","RAINIER PARADISE RANGER STATION, WA US","1998-02","0","12","42",,"10.35","28.1","33.0","23.3"
"USC00456898","RAINIER PARADISE RANGER STATION, WA US","1998-03","0","13","53",,"9.90","30.1","35.9","24.2"
"USC00456898","RAINIER PARADISE RANGER STATION, WA US","1998-04","0","12","69",,"2.95","34.9","41.8","27.9"
"USC00456898","RAINIER PARADISE RANGER STATION, WA US","1998-05",,"21",,,"5.00",,,"32.1"
"USC00456898","RAINIER PARADISE RANGER STATION, WA US","1998-06",,"29","67",,"3.13","45.4","52.9","37.9"
"USC00456898","RAINIER PARADISE RANGER STATION, WA US","1998-07",,"38","85","245","0.77","58.1","67.8","48.4"
"USC00456898","RAINIER PARADISE RANGER STATION, WA US","1998-08",,"31","85","550","1.32","55.0","65.0","45.0"
"USC00456898","RAINIER PARADISE RANGER STATION, WA US","1998-09",,"33","82","887","1.40","53.5","62.8","44.3"
"USC00456898","RAINIER PARADISE RANGER STATION, WA US","1998-10",,"21","66","1611","9.71","39.2","46.5","31.9"
"USC00456898","RAINIER PARADISE RANGER STATION, WA US","1998-11",,"12","43","2695","24.66","28.9","33.1","24.6"
"USC00456898","RAINIER PARADISE RANGER STATION, WA US","1998-12",,"-8","42","3981","31.42","23.5","29.1","18.0"
"USC00456898","RAINIER PARADISE RANGER STATION, WA US","1999-01","0","12","43","5116","21.94","27.2","32.4","22.1"
"USC00456898","RAINIER PARADISE RANGER STATION, WA US","1999-02",,,"38",,,,"28.9",
"USC00456898","RAINIER PARADISE RANGER STATION, WA US","1999-03",,"12","56",,"13.61","26.6","32.5","20.7"
"USC00456898","RAINIER PARADISE RANGER STATION, WA US","1999-04",,"15","64",,"3.81","31.9","39.9","24.0"
"USC00456898","RAINIER PARADISE RANGER STATION, WA US","1999-05",,"17","69",,"4.38","34.4","42.1","26.7"
"USC00456898","RAINIER PARADISE RANGER STATION, WA US","1999-06",,,,,,,,
"USC00456898","RAINIER PARADISE RANGER STATION, WA US","1999-07",,"15","76","409","0.68","50.0","60.8","39.2"
"USC00456898","RAINIER PARADISE RANGER STATION, WA US","1999-08",,"29","78","739","0.47","54.5","64.1","44.9"
"USC00456898","RAINIER PARADISE RANGER STATION, WA US","1999-09",,"23","76","1183","0.37","49.9","59.1","40.7"
"USC00456898","RAINIER PARADISE RANGER STATION, WA US","1999-10",,,,,"4.43",,,
"USC00456898","RAINIER PARADISE RANGER STATION, WA US","1999-11",,"19","59",,"21.41","34.5","41.6","27.4"
"USC00456898","RAINIER PARADISE RANGER STATION, WA US","1999-12",,"8","63",,"26.33","31.4","38.8","24.0"
"USC00456898","RAINIER PARADISE RANGER STATION, WA US","2000-01","0","12","41",,"21.99","24.0","29.5","18.5"
"USC00456898","RAINIER PARADISE RANGER STATION, WA US","2000-02","0","14","46",,"8.98","28.6","34.2","23.0"
"USC00456898","RAINIER PARADISE RANGER STATION, WA US","2000-03","0","13","49",,"12.84","27.7","33.5","21.9"
"USC00456898","RAINIER PARADISE RANGER STATION, WA US","2000-04","0","13","61",,"6.81","37.6","47.4","27.8"
"USC00456898","RAINIER PARADISE RANGER STATION, WA US","2000-05","0","21","56",,"6.36","36.9","44.6","29.3"
"USC00456898","RAINIER PARADISE RANGER STATION, WA US","2000-06",,,,,"3.93",,,
"USC00456898","RAINIER PARADISE RANGER STATION, WA US","2000-07",,,"78",,"0.74",,"61.6",
"USC00456898","RAINIER PARADISE RANGER STATION, WA US","2000-08",,,,,"0.41",,,
"USC00456898","RAINIER PARADISE RANGER STATION, WA US","2000-09",,,,,"6.74",,,
"USC00456898","RAINIER PARADISE RANGER STATION, WA US","2000-10",,"19","65",,"7.28","38.2","46.0","30.4"
"USC00456898","RAINIER PARADISE RANGER STATION, WA US","2000-11",,,,,"6.53",,,
"USC00456898","RAINIER PARADISE RANGER STATION, WA US","2000-12",,"10","56",,"10.72","29.4","35.3","23.5"
"USC00456898","RAINIER PARADISE RANGER STATION, WA US","2001-01","0","14","50",,"9.48","28.3","33.6","23.0"
"USC00456898","RAINIER PARADISE RANGER STATION, WA US","2001-02","0","8","49",,"7.32","25.6","32.9","18.4"
"USC00456898","RAINIER PARADISE RANGER STATION, WA US","2001-03",,,"57",,"10.29",,"36.7",
"USC00456898","RAINIER PARADISE RANGER STATION, WA US","2001-04",,"14","62",,"10.30","29.3","36.4","22.2"
"USC00456898","RAINIER PARADISE RANGER STATION, WA US","2001-05",,,,,"6.66",,,
"USC00456898","RAINIER PARADISE RANGER STATION, WA US","2001-06",,"25","71",,"8.10","42.1","51.2","33.0"
"USC00456898","RAINIER PARADISE RANGER STATION, WA US","2001-07",,"32","76","455","1.63","50.3","60.2","40.5"
"USC00456898","RAINIER PARADISE RANGER STATION, WA US","2001-08",,"37","80","726","2.74","56.8","67.3","46.3"
"USC00456898","RAINIER PARADISE RANGER STATION, WA US","2001-09",,"31","73","1117","2.49","51.0","58.5","43.6"
"USC00456898","RAINIER PARADISE RANGER STATION, WA US","2001-10",,"18","70","1842","17.22","37.8","44.7","30.9"
"USC00456898","RAINIER PARADISE RANGER STATION, WA US","2001-11",,"18","56","2696","17.70","33.2","37.8","28.5"
"USC00456898","RAINIER PARADISE RANGER STATION, WA US","2001-12",,"13","41","3928","25.61","25.2","30.0","20.5"
"USC00456898","RAINIER PARADISE RANGER STATION, WA US","2002-01","0","11","45","5004","28.26","25.2","29.4","20.9"
"USC00456898","RAINIER PARADISE RANGER STATION, WA US","2002-02","0","14","45","6068","10.83","27.0","32.4","21.6"
"USC00456898","RAINIER PARADISE RANGER STATION, WA US","2002-03","0","9","47","7290","18.11","25.6","31.2","19.9"
"USC00456898","RAINIER PARADISE RANGER STATION, WA US","2002-04","0","18","58","8147","8.22","31.9","37.2","26.7"
"USC00456898","RAINIER PARADISE RANGER STATION, WA US","2002-05","0","17","60","8941","4.53","36.6","43.4","29.8"
"USC00456898","RAINIER PARADISE RANGER STATION, WA US","2002-06","2","22","76","9405","4.41","47.9","56.0","39.7"
"USC00456898","RAINIER PARADISE RANGER STATION, WA US","2002-07","11","32","81","340","1.05","53.6","62.3","44.9"
"USC00456898","RAINIER PARADISE RANGER STATION, WA US","2002-08","12","32","76","742","0.92","51.6","60.1","43.2"
"USC00456898","RAINIER PARADISE RANGER STATION, WA US","2002-09","15","28","73","1130","1.49","50.2","57.9","42.5"
"USC00456898","RAINIER PARADISE RANGER STATION, WA US","2002-10","15","17","62","1818","5.41","40.4","46.7","34.2"
"USC00456898","RAINIER PARADISE RANGER STATION, WA US","2002-11","15","19","63","2571","10.01","38.9","44.4","33.5"
"USC00456898","RAINIER PARADISE RANGER STATION, WA US","2002-12","15","15","52","3626","17.90","30.1","35.0","25.2"
"USC00456898","RAINIER PARADISE RANGER STATION, WA US","2003-01","0","21","58","4483","22.06","35.6","41.1","30.0"
"USC00456898","RAINIER PARADISE RANGER STATION, WA US","2003-02","0","6","53","5363","11.59","31.3","37.6","25.0"
"USC00456898","RAINIER PARADISE RANGER STATION, WA US","2003-03","0","15","52","6390","21.47","29.5","34.5","24.6"
"USC00456898","RAINIER PARADISE RANGER STATION, WA US","2003-05",,"18","73",,"4.08","40.7","48.8","32.6"
"USC00456898","RAINIER PARADISE RANGER STATION, WA US","2003-06",,"31","83",,"1.37","50.7","60.3","41.2"
"USC00456898","RAINIER PARADISE RANGER STATION, WA US","2003-07",,,,,"0.19",,,
"USC00456898","RAINIER PARADISE RANGER STATION, WA US","2003-08",,,,,"0.21",,,
"USC00456898","RAINIER PARADISE RANGER STATION, WA US","2003-09",,,,,"3.67",,,
"USC00456898","RAINIER PARADISE RANGER STATION, WA US","2003-10",,,,,"16.78",,,
"USC00456898","RAINIER PARADISE RANGER STATION, WA US","2003-11",,"12","49",,"21.71","26.6","31.7","21.5"
"USC00456898","RAINIER PARADISE RANGER STATION, WA US","2003-12",,"11","51",,"14.31","26.9","31.3","22.5"
"USC00456898","RAINIER PARADISE RANGER STATION, WA US","2004-01","0","-2","44",,"20.78","28.1","32.8","23.5"
"USC00456898","RAINIER PARADISE RANGER STATION, WA US","2004-02","0","18","53",,"9.56","28.9","33.5","24.3"
"USC00456898","RAINIER PARADISE RANGER STATION, WA US","2004-03","0","13","60",,"10.13","33.6","40.9","26.3"
"USC00456898","RAINIER PARADISE RANGER STATION, WA US","2004-04",,,,,"2.68",,,
"USC00456898","RAINIER PARADISE RANGER STATION, WA US","2004-05",,,"65",,"7.96",,"45.6",
"USC00456898","RAINIER PARADISE RANGER STATION, WA US","2004-06",,"29","75",,"3.33","48.1","55.8","40.5"
"USC00456898","RAINIER PARADISE RANGER STATION, WA US","2004-07",,"33","80","252","0.16","56.3","65.6","47.0"
"USC00456898","RAINIER PARADISE RANGER STATION, WA US","2004-08",,"29","80","533","12.12","55.8","63.4","48.2"
"USC00456898","RAINIER PARADISE RANGER STATION, WA US","2004-09",,"28","71","1122","10.02","44.8","51.7","37.8"
"USC00456898","RAINIER PARADISE RANGER STATION, WA US","2004-10",,"11","65","1838","11.66","40.2","47.3","33.1"
"USC00456898","RAINIER PARADISE RANGER STATION, WA US","2004-11",,"14","61","2668","12.50","32.9","38.2","27.5"
"USC00456898","RAINIER PARADISE RANGER STATION, WA US","2004-12",,"16","56","3674","13.34","31.4","36.4","26.3"
"USC00456898","RAINIER PARADISE RANGER STATION, WA US","2005-01","0","13","49","4760","13.67","30.0","34.1","25.8"
"USC00456898","RAINIER PARADISE RANGER STATION, WA US","2005-02","0","13","56","5663","3.28","32.7","39.4","26.1"
"USC00456898","RAINIER PARADISE RANGER STATION, WA US","2005-03","0","8","57","6655","12.47","33.0","38.7","27.2"
"USC00456898","RAINIER PARADISE RANGER STATION, WA US","2005-04","0","18","59","7599","9.54","33.5","40.1","27.0"
"USC00456898","RAINIER PARADISE RANGER STATION, WA US","2005-05",,,"74",,"6.22",,"50.0",
"USC00456898","RAINIER PARADISE RANGER STATION, WA US","2005-06",,"24","71",,"5.46","41.1","47.0","35.1"
"USC00456898","RAINIER PARADISE RANGER STATION, WA US","2005-07",,"32","79","335","2.48","53.2","62.4","44.0"
"USC00456898","RAINIER PARADISE RANGER STATION, WA US","2005-08",,"27","76","598","0.93","55.3","65.1","45.4"
"USC00456898","RAINIER PARADISE RANGER STATION, WA US","2005-09",,"31","64","1115","7.43","45.1","51.6","38.6"
"USC00456898","RAINIER PARADISE RANGER STATION, WA US","2005-10",,"24","59","1830","11.91","38.5","45.3","31.7"
"USC00456898","RAINIER PARADISE RANGER STATION, WA US","2005-11",,"13","61","2785","17.69","33.2","37.5","28.8"
"USC00456898","RAINIER PARADISE RANGER STATION, WA US","2005-12",,"12","57","3879","18.90","29.7","35.3","24.2"
"USC00456898","RAINIER PARADISE RANGER STATION, WA US","2006-01","0","13","50","5050","30.31","27.2","31.5","22.9"
"USC00456898","RAINIER PARADISE RANGER STATION, WA US","2006-02","0","-2","48","6213","11.15","23.5","29.6","17.3"
"USC00456898","RAINIER PARADISE RANGER STATION, WA US","2006-03","0","9","42","7427","8.81","25.8","30.6","21.0"
"USC00456898","RAINIER PARADISE RANGER STATION, WA US","2006-04","0","13","60","8339","4.95","33.6","41.1","26.0"
"USC00456898","RAINIER PARADISE RANGER STATION, WA US","2006-05","0","21","72","8959","6.63","42.0","49.7","34.3"
"USC00456898","RAINIER PARADISE RANGER STATION, WA US","2006-06","11","26","79","9485","4.49","46.4","53.9","38.9"
"USC00456898","RAINIER PARADISE RANGER STATION, WA US","2006-07","25","32","84","297","1.00","54.9","64.9","44.8"
"USC00456898","RAINIER PARADISE RANGER STATION, WA US","2006-08","30","29","75","659","0.52","53.1","62.4","43.7"
"USC00456898","RAINIER PARADISE RANGER STATION, WA US","2006-09","38","30","79","1077","4.87","49.1","57.5","40.7"
"USC00456898","RAINIER PARADISE RANGER STATION, WA US","2006-10",,,,,"6.57",,,
"USC00456898","RAINIER PARADISE RANGER STATION, WA US","2006-11",,,,,"46.93",,,
"USC00456898","RAINIER PARADISE RANGER STATION, WA US","2006-12",,"13","53",,"13.17","29.9","35.9","23.9"
"USC00456898","RAINIER PARADISE RANGER STATION, WA US","2007-01","0","6","50",,"13.70","27.1","33.3","20.9"
"USC00456898","RAINIER PARADISE RANGER STATION, WA US","2007-02","0","15","54",,"14.89","30.8","36.5","25.1"
"USC00456898","RAINIER PARADISE RANGER STATION, WA US","2007-03","0","13","52",,"17.56","34.2","40.6","27.9"
"USC00456898","RAINIER PARADISE RANGER STATION, WA US","2007-04","0","16","63",,"5.12","33.5","40.3","26.7"
"USC00456898","RAINIER PARADISE RANGER STATION, WA US","2007-05","0","27","74",,"5.18","44.2","52.6","35.7"
"USC00456898","RAINIER PARADISE RANGER STATION, WA US","2007-06","0","28","74",,"4.35","45.8","53.5","38.1"
"USC00456898","RAINIER PARADISE RANGER STATION, WA US","2007-08",,,,,,,,
"USC00456898","RAINIER PARADISE RANGER STATION, WA US","2007-09",,,"74",,"2.10",,"53.6",
"USC00456898","RAINIER PARADISE RANGER STATION, WA US","2007-10",,"25","56",,"14.04","37.8","43.2","32.4"
"USC00456898","RAINIER PARADISE RANGER STATION, WA US","2007-11",,"16","59",,"10.62","33.6","39.4","27.8"
"USC00456898","RAINIER PARADISE RANGER STATION, WA US","2007-12",,,"42",,"17.91",,"28.7",
"USC00456898","RAINIER PARADISE RANGER STATION, WA US","2008-01","0","7","46",,"15.48","24.5","29.9","19.1"
"USC00456898","RAINIER PARADISE RANGER STATION, WA US","2008-03",,"9","49",,"13.83","27.4","33.7","21.1"
"USC00456898","RAINIER PARADISE RANGER STATION, WA US","2008-04",,"11","69",,"6.33","29.6","36.2","23.0"
"USC00456898","RAINIER PARADISE RANGER STATION, WA US","2008-05",,,,,,,,
"USC00456898","RAINIER PARADISE RANGER STATION, WA US","2008-06",,,,,"5.09",,,
"USC00456898","RAINIER PARADISE RANGER STATION, WA US","2008-07",,,,,"0.66",,,
"USC00456898","RAINIER PARADISE RANGER STATION, WA US","2008-08",,,,,"3.70",,,
"USC00456898","RAINIER PARADISE RANGER STATION, WA US","2008-09",,,,,"1.67",,,
"USC00456898","RAINIER PARADISE RANGER STATION, WA US","2008-10",,,,,,,,
"USC00456898","RAINIER PARADISE RANGER STATION, WA US","2008-11",,"21","60",,"22.76","36.4","41.6","31.3"
"USC00456898","RAINIER PARADISE RANGER STATION, WA US","2008-12",,"-1","57",,"21.15","24.4","29.9","18.9"
"USC00456898","RAINIER PARADISE RANGER STATION, WA US","2009-02",,"10","56",,"4.66","31.3","38.1","24.5"
"USC00456898","RAINIER PARADISE RANGER STATION, WA US","2009-03",,"8","46",,"13.52","26.1","32.0","20.1"
"USC00456898","RAINIER PARADISE RANGER STATION, WA US","2009-04",,"16",,,"8.03",,,"27.0"
"USC00456898","RAINIER PARADISE RANGER STATION, WA US","2009-05",,"15","76",,"8.06","42.0","52.0","32.0"
"USC00456898","RAINIER PARADISE RANGER STATION, WA US","2009-06",,,,,,,,
"USC00456898","RAINIER PARADISE RANGER STATION, WA US","2009-07",,,,,,,,
"USC00456898","RAINIER PARADISE RANGER STATION, WA US","2009-08",,,,,,,,
"USC00456898","RAINIER PARADISE RANGER STATION, WA US","2009-10",,"21","53",,,"36.6","41.9","31.3"
"USC00456898","RAINIER PARADISE RANGER STATION, WA US","2009-11",,"19","49",,"18.72","30.6","34.4","26.8"
"USC00456898","RAINIER PARADISE RANGER STATION, WA US","2009-12",,"-1","54",,"9.22","26.9","32.7","21.0"
"USC00456898","RAINIER PARADISE RANGER STATION, WA US","2010-01","0","21","46",,"12.86","32.1","36.1","28.1"
"USC00456898","RAINIER PARADISE RANGER STATION, WA US","2010-02","0","22","48",,"7.41","32.2","37.1","27.2"
"USC00456898","RAINIER PARADISE RANGER STATION, WA US","2010-04",,,,,,,,
"USC00456898","RAINIER PARADISE RANGER STATION, WA US","2010-05",,,,,,,,
"USC00456898","RAINIER PARADISE RANGER STATION, WA US","2010-06",,"26","66",,"6.17","42.6","51.0","34.2"
"USC00456898","RAINIER PARADISE RANGER STATION, WA US","2010-07",,"29","81","279","0.58","56.0","66.8","45.2"
"USC00456898","RAINIER PARADISE RANGER STATION, WA US","2010-08",,"31","84","616","0.85","54.4","65.1","43.7"
"USC00456898","RAINIER PARADISE RANGER STATION, WA US","2010-09",,"30","70","1139","8.15","47.6","54.2","40.9"
"USC00456898","RAINIER PARADISE RANGER STATION, WA US","2010-10",,"26","68","1762","16.39","43.5","49.3","37.7"
"USC00456898","RAINIER PARADISE RANGER STATION, WA US","2010-11",,"-4","65","2719","13.36","29.6","34.5","24.6"
"USC00456898","RAINIER PARADISE RANGER STATION, WA US","2010-12",,"6","42","3890","14.66","26.0","30.1","21.9"
"USC00456898","RAINIER PARADISE RANGER STATION, WA US","2011-01","0","8","50","4923","20.86","29.4","33.8","24.9"
"USC00456898","RAINIER PARADISE RANGER STATION, WA US","2011-02","0","0","45","5998","11.06","23.7","29.3","18.0"
"USC00456898","RAINIER PARADISE RANGER STATION, WA US","2011-03","0","13","39","7175","18.08","25.8","30.3","21.2"
"USC00456898","RAINIER PARADISE RANGER STATION, WA US","2011-04","0","15","48","8333","17.27","26.4","31.4","21.3"
"USC00456898","RAINIER PARADISE RANGER STATION, WA US","2011-05",,,,,"4.80",,,
"USC00456898","RAINIER PARADISE RANGER STATION, WA US","2011-06",,"24","63",,,"40.8","49.2","32.4"
"USC00456898","RAINIER PARADISE RANGER STATION, WA US","2011-07",,"30","70","488","0.66","47.6","56.3","38.9"
"USC00456898","RAINIER PARADISE RANGER STATION, WA US","2011-08",,"34","73","885","0.20","52.2","61.4","42.9"
"USC00456898","RAINIER PARADISE RANGER STATION, WA US","2011-09",,"31","78","1231","1.35","53.2","62.1","44.4"
"USC00456898","RAINIER PARADISE RANGER STATION, WA US","2011-10",,"23","63","1996","5.89","38.6","44.1","33.2"
"USC00456898","RAINIER PARADISE RANGER STATION, WA US","2011-11",,"11","47","3071","17.77","27.9","33.8","22.0"
"USC00456898","RAINIER PARADISE RANGER STATION, WA US","2011-12",,"13","54","4123","18.40","31.1","37.9","24.3"
"USC00456898","RAINIER PARADISE RANGER STATION, WA US","2012-02",,"10","51",,"16.75","27.4","33.2","21.6"
"USC00456898","RAINIER PARADISE RANGER STATION, WA US","2012-03",,"7","52",,"17.25","25.1","30.1","20.0"
"USC00456898","RAINIER PARADISE RANGER STATION, WA US","2012-04",,"13","64",,"8.53","33.2","40.6","25.7"
"USC00456898","RAINIER PARADISE RANGER STATION, WA US","2012-05",,"20","69",,"8.15","38.0","45.7","30.3"
"USC00456898","RAINIER PARADISE RANGER STATION, WA US","2012-06",,"25","63",,"8.89","40.0","46.3","33.7"
"USC00456898","RAINIER PARADISE RANGER STATION, WA US","2012-07",,"32","78","346","0.71","53.2","61.2","45.2"
"USC00456898","RAINIER PARADISE RANGER STATION, WA US","2012-08",,"34","79","634","0.00","56.2","65.2","47.3"
"USC00456898","RAINIER PARADISE RANGER STATION, WA US","2012-09",,"30","77","980","0.50","53.5","62.2","44.8"
"USC00456898","RAINIER PARADISE RANGER STATION, WA US","2012-10",,"23","64","1738","20.30","40.6","47.1","34.1"
"USC00456898","RAINIER PARADISE RANGER STATION, WA US","2012-11",,"14","54","2628","14.67","32.0","36.8","27.2"
"USC00456898","RAINIER PARADISE RANGER STATION, WA US","2012-12",,"14","35","3779",,"23.9","27.8","19.9"
"USC00456898","RAINIER PARADISE RANGER STATION, WA US","2013-01","0","8","56","4850","12.54","30.4","36.4","24.5"
"USC00456898","RAINIER PARADISE RANGER STATION, WA US","2013-02",,,,,"9.07",,,
"USC00456898","RAINIER PARADISE RANGER STATION, WA US","2013-03",,,,,"11.75",,,
"USC00456898","RAINIER PARADISE RANGER STATION, WA US","2013-04",,"17","59",,"13.72","33.1","39.4","26.9"
"USC00456898","RAINIER PARADISE RANGER STATION, WA US","2013-05",,"18","67",,"7.70","40.6","47.1","34.0"
"USC00456898","RAINIER PARADISE RANGER STATION, WA US","2013-06",,"30","70",,"2.99","45.4","52.5","38.3"
"USC00456898","RAINIER PARADISE RANGER STATION, WA US","2013-07",,"36","80","294","0.01","55.5","64.2","46.9"
"USC00456898","RAINIER PARADISE RANGER STATION, WA US","2013-08",,"42","72","562","2.39","55.4","63.1","47.7"
"USC00456898","RAINIER PARADISE RANGER STATION, WA US","2013-09",,"30","76","965","14.39","50.0","56.6","43.4"
"USC00456898","RAINIER PARADISE RANGER STATION, WA US","2013-11",,,,,"12.64",,,
"USC00456898","RAINIER PARADISE RANGER STATION, WA US","2013-12",,"-4","45",,"12.52","24.1","29.7","18.4"
"USC00456898","RAINIER PARADISE RANGER STATION, WA US","2014-01","0","15","62",,"14.29","36.0","41.8","30.3"
"USC00456898","RAINIER PARADISE RANGER STATION, WA US","2014-02","0","-7","45",,"16.38","22.9","28.0","17.8"
"USC00456898","RAINIER PARADISE RANGER STATION, WA US","2014-03","0","16","51",,"23.24","30.3","35.4","25.1"
"USC00456898","RAINIER PARADISE RANGER STATION, WA US","2014-04",,,,,"11.42",,,
"USC00456898","RAINIER PARADISE RANGER STATION, WA US","2014-05",,,,,"6.63",,,
"USC00456898","RAINIER PARADISE RANGER STATION, WA US","2014-06",,"29","64",,"4.43","43.3","50.3","36.3"
"USC00456898","RAINIER PARADISE RANGER STATION, WA US","2014-07",,"37","77","285","2.67","56.3","64.9","47.7"
"USC00456898","RAINIER PARADISE RANGER STATION, WA US","2014-08",,"37","81","562","3.19","56.7","64.7","48.7"
"USC00456898","RAINIER PARADISE RANGER STATION, WA US","2014-09",,"34","74","939","3.78","51.0","58.3","43.8"
"USC00456898","RAINIER PARADISE RANGER STATION, WA US","2014-10",,,,,"15.38",,,
"USC00456898","RAINIER PARADISE RANGER STATION, WA US","2014-12",,"10","43",,"19.88","29.4","33.7","25.2"
"USC00456898","RAINIER PARADISE RANGER STATION, WA US","2015-01","0","18","60",,"14.18","36.2","42.7","29.7"
"USC00456898","RAINIER PARADISE RANGER STATION, WA US","2015-02","0","19","54",,"13.61","34.9","40.5","29.3"
"USC00456898","RAINIER PARADISE RANGER STATION, WA US","2015-03",,,,,"11.80",,,
"USC00456898","RAINIER PARADISE RANGER STATION, WA US","2015-04",,"17","59",,"6.96","34.2","42.0","26.4"
"USC00456898","RAINIER PARADISE RANGER STATION, WA US","2015-05",,"23","67",,,"44.1","51.3","36.9"
"USC00456898","RAINIER PARADISE RANGER STATION, WA US","2015-06",,"34","81",,"0.84","55.6","64.1","47.2"
"USC00456898","RAINIER PARADISE RANGER STATION, WA US","2015-07",,"38","80","265","0.52","57.2","65.2","49.2"
"USC00456898","RAINIER PARADISE RANGER STATION, WA US","2015-08",,"37","80","548","3.73","56.0","64.5","47.6"
"USC00456898","RAINIER PARADISE RANGER STATION, WA US","2015-09",,"29","76","1129","3.04","45.8","52.2","39.5"
"USC00456898","RAINIER PARADISE RANGER STATION, WA US","2015-10",,"31","65","1702",,"46.1","52.1","40.2"
"USC00456898","RAINIER PARADISE RANGER STATION, WA US","2015-11",,"19","53","2715","25.85","31.2","36.9","25.6"
"USC00456898","RAINIER PARADISE RANGER STATION, WA US","2015-12",,"11","42","3707","30.59","26.8","30.2","23.4"
"USC00456898","RAINIER PARADISE RANGER STATION, WA US","2016-01","0","16","46","4650","16.63","31.3","36.7","26.0"
"USC00456898","RAINIER PARADISE RANGER STATION, WA US","2016-02","0","17","63","5527","20.81","32.5","38.1","26.9"
"USC00456898","RAINIER PARADISE RANGER STATION, WA US","2016-03",,,,,"17.98",,,
"USC00456898","RAINIER PARADISE RANGER STATION, WA US","2016-04",,"23","70",,,"41.7","50.0","33.4"
"USC00456898","RAINIER PARADISE RANGER STATION, WA US","2016-05",,"25","63",,"2.44","42.6","49.0","36.3"
"USC00456898","RAINIER PARADISE RANGER STATION, WA US","2016-06",,"26","77",,"5.25","46.8","55.1","38.6"
"USC00456898","RAINIER PARADISE RANGER STATION, WA US","2016-07",,"35","72","466","2.48","50.0","57.0","42.9"
"USC00456898","RAINIER PARADISE RANGER STATION, WA US","2016-08",,"36","75","759","0.79","55.6","64.1","47.0"
"USC00456898","RAINIER PARADISE RANGER STATION, WA US","2016-09",,"32","72","1320","7.65","46.3","53.3","39.2"
"USC00456898","RAINIER PARADISE RANGER STATION, WA US","2016-10",,"28","51","2200","37.39","36.6","41.3","32.0"
"USC00456898","RAINIER PARADISE RANGER STATION, WA US","2016-11",,"23","61","3092",,"35.2","39.7","30.7"
"USC00456898","RAINIER PARADISE RANGER STATION, WA US","2016-12",,"8","32","4423","18.57","20.6","25.0","16.3"
"USC00456898","RAINIER PARADISE RANGER STATION, WA US","2017-01","0","3","45","5664","9.34","25.0","30.1","19.8"
"USC00456898","RAINIER PARADISE RANGER STATION, WA US","2017-02","0","10","52","6716","16.13","26.0","31.9","20.2"
"USC00456898","RAINIER PARADISE RANGER STATION, WA US","2017-03","0","15","40","7847","24.41","28.5","33.4","23.6"
"USC00456898","RAINIER PARADISE RANGER STATION, WA US","2017-04","0","18","44","8872",,"30.8","35.2","26.5"
"USC00456898","RAINIER PARADISE RANGER STATION, WA US","2017-05","1","21","75","9553","5.10","43.1","50.7","35.4"
"USC00456898","RAINIER PARADISE RANGER STATION, WA US","2017-06","6","29","82","10058","6.20","48.3","57.4","39.2"
"USC00456898","RAINIER PARADISE RANGER STATION, WA US","2017-07","8","35","74","305","0.00","55.2","63.9","46.5"
"USC00456898","RAINIER PARADISE RANGER STATION, WA US","2017-08","74","39","80","492","0.58","61.1","68.8","53.5"
"USC00456898","RAINIER PARADISE RANGER STATION, WA US","2017-09","115","30","84","917","3.34","52.2","58.9","45.5"
"USC00456898","RAINIER PARADISE RANGER STATION, WA US","2017-10","115","22","66","1687","16.50","40.2","47.0","33.3"
"USC00456898","RAINIER PARADISE RANGER STATION, WA US","2017-11","115","17","50","2670","23.16","29.9","34.4","25.4"
"USC00456898","RAINIER PARADISE RANGER STATION, WA US","2017-12","115","11","57","3634","15.89","30.5","36.8","24.2"
"USC00456898","RAINIER PARADISE RANGER STATION, WA US","2018-01","0","17","50","4626","18.25","30.8","35.8","25.8"
"USC00456898","RAINIER PARADISE RANGER STATION, WA US","2018-02","0","3","40","5760","18.68","23.0","28.0","18.0"
"USC00456898","RAINIER PARADISE RANGER STATION, WA US","2018-03","0","14","47","6925","9.60","27.4","32.7","22.2"
"USC00456898","RAINIER PARADISE RANGER STATION, WA US","2018-04","0","15","68","7836","14.83","33.6","39.4","27.8"
"USC00456898","RAINIER PARADISE RANGER STATION, WA US","2018-05","0","27","70","8422",,"46.1","53.9","38.2"
"USC00456898","RAINIER PARADISE RANGER STATION, WA US","2018-06",,,,,"16.14",,,
"USC00456898","RAINIER PARADISE RANGER STATION, WA US","2018-07",,,,,"0.00",,,
"USC00456898","RAINIER PARADISE RANGER STATION, WA US","2018-09",,"28","70",,"6.15","46.6","54.6","38.6"
"USC00456898","RAINIER PARADISE RANGER STATION, WA US","2018-10",,"26","66",,"14.31","42.3","48.1","36.5"
"USC00456898","RAINIER PARADISE RANGER STATION, WA US","2018-11",,"21","54",,"16.77","35.0","40.5","29.4"
"USC00456898","RAINIER PARADISE RANGER STATION, WA US","2018-12",,,,,"19.36",,,
"USC00456898","RAINIER PARADISE RANGER STATION, WA US","2019-01",,,,,"12.83",,,
"USC00456898","RAINIER PARADISE RANGER STATION, WA US","2019-02",,"6","45",,"14.90","19.6","24.5","14.7"
"USC00456898","RAINIER PARADISE RANGER STATION, WA US","2019-03",,"6","53",,"4.17","30.1","37.3","22.9"
"USC00456898","RAINIER PARADISE RANGER STATION, WA US","2019-04",,"18","53",,"9.94","33.7","39.0","28.4"
"USC00456898","RAINIER PARADISE RANGER STATION, WA US","2019-06",,"30","73",,"2.90","46.4","54.0","38.7"
"USC00456898","RAINIER PARADISE RANGER STATION, WA US","2019-07",,"35","70","422","3.38","50.4","58.2","42.7"
"USC00456898","RAINIER PARADISE RANGER STATION, WA US","2019-08",,"41","76","703","2.15","55.9","63.9","47.9"
"USC00456898","RAINIER PARADISE RANGER STATION, WA US","2019-09",,"23","74","1222","7.89","46.5","53.3","39.5"
"USC00456898","RAINIER PARADISE RANGER STATION, WA US","2019-10",,"10","53","2008","12.15","34.8","41.3","28.3"
"USC00456898","RAINIER PARADISE RANGER STATION, WA US","2019-11",,"13","58","2716","6.83","37.6","43.9","31.3"
"USC00456898","RAINIER PARADISE RANGER STATION, WA US","2019-12",,"16","44","3712","16.49","29.4","33.4","25.5"
"USC00456898","RAINIER PARADISE RANGER STATION, WA US","2020-03",,"10","46",,"8.91","27.9","34.2","21.6"
"USC00456898","RAINIER PARADISE RANGER STATION, WA US","2020-04",,"16","55",,"3.61","35.1","42.9","27.3"
"USC00456898","RAINIER PARADISE RANGER STATION, WA US","2020-05",,,,,"6.10",,,
"USC00456898","RAINIER PARADISE RANGER STATION, WA US","2020-06",,,,,"5.08",,,
"USC00456898","RAINIER PARADISE RANGER STATION, WA US","2020-07",,"33","80","339",,"52.6","60.9","44.2"
"USC00456898","RAINIER PARADISE RANGER STATION, WA US","2020-08",,,,,"1.13",,,
"USC00456898","RAINIER PARADISE RANGER STATION, WA US","2020-09",,"33","78",,,"53.9","61.4","46.5"
"USC00456898","RAINIER PARADISE RANGER STATION, WA US","2020-10",,"13","72",,"17.11","40.5","47.0","34.0"
"USC00456898","RAINIER PARADISE RANGER STATION, WA US","2020-11",,"16","63",,"23.15","31.3","36.5","26.1"
"USC00456898","RAINIER PARADISE RANGER STATION, WA US","2020-12",,"17","51",,"14.76","31.1","36.3","26.0"
"USC00456898","RAINIER PARADISE RANGER STATION, WA US","2021-01","0","15","43",,"14.47","27.8","32.6","23.0"
"USC00456898","RAINIER PARADISE RANGER STATION, WA US","2021-03",,"14","50",,"7.87","28.5","34.7","22.4"
"USC00456898","RAINIER PARADISE RANGER STATION, WA US","2021-04",,"15","60",,"1.49","36.9","44.9","29.0"
"USC00456898","RAINIER PARADISE RANGER STATION, WA US","2021-06",,"28","90",,"4.21","52.4","60.6","44.2"
"USC00456898","RAINIER PARADISE RANGER STATION, WA US","2021-07",,"35","82","257","0.00","57.2","65.8","48.6"
"USC00456898","RAINIER PARADISE RANGER STATION, WA US","2021-08",,"32","82","592","0.85","55.1","62.9","47.4"
"USC00456898","RAINIER PARADISE RANGER STATION, WA US","2021-09",,"31","77","1011","8.63","50.1","58.3","41.8"
"USC00456898","RAINIER PARADISE RANGER STATION, WA US","2021-10",,"22","58","1888","13.33","36.7","43.2","30.3"
"USC00456898","RAINIER PARADISE RANGER STATION, WA US","2021-11",,"18",,,"30.83",,,"28.7"
"USC00456898","RAINIER PARADISE RANGER STATION, WA US","2021-12",,,,,"22.68",,,
"USC00456898","RAINIER PARADISE RANGER STATION, WA US","2022-01","0","8","56",,,"32.2","38.0","26.3"
"USC00456898","RAINIER PARADISE RANGER STATION, WA US","2022-02","0","-1","50",,"6.00","28.4","34.3","22.4"
"USC00456898","RAINIER PARADISE RANGER STATION, WA US","2022-03","0","13","53",,"8.73","30.9","36.6","25.2"
"USC00456898","RAINIER PARADISE RANGER STATION, WA US","2022-04",,,,,"10.98",,,
"USC00456898","RAINIER PARADISE RANGER STATION, WA US","2022-05",,"20","54",,"12.93","35.2","41.7","28.6"
"USC00456898","RAINIER PARADISE RANGER STATION, WA US","2022-06",,"29","77",,"8.72","44.9","51.2","38.7"
"USC00456898","RAINIER PARADISE RANGER STATION, WA US","2022-07",,"35","82","279","0.31","57.0","65.7","48.2"
"USC00456898","RAINIER PARADISE RANGER STATION, WA US","2022-08",,"38","85","425","0.02","61.9","70.8","53.0"
"USC00456898","RAINIER PARADISE RANGER STATION, WA US","2022-09",,"33","83","709","0.19","55.0","63.9","46.1"
"USC00456898","RAINIER PARADISE RANGER STATION, WA US","2022-10",,"23","73","1163","8.29","50.4","56.6","44.1"
"USC00456898","RAINIER PARADISE RANGER STATION, WA US","2022-11",,"13","57","2094","11.88","31.7","39.7","23.7"
"USC00456898","RAINIER PARADISE RANGER STATION, WA US","2022-12",,"-5","43","3340","17.83","24.8","30.3","19.3"
"USC00456898","RAINIER PARADISE RANGER STATION, WA US","2023-01","0","7","41","4478","12.67","27.1","31.6","22.5"
"USC00456898","RAINIER PARADISE RANGER STATION, WA US","2023-02","0","0","42","5573","10.29","24.4","30.0","18.9"
"USC00456898","RAINIER PARADISE RANGER STATION, WA US","2023-03","0","10","44","6840","8.56","24.1","29.2","19.1"
"USC00456898","RAINIER PARADISE RANGER STATION, WA US","2023-04",,,,,"14.63",,,
"USC00456898","RAINIER PARADISE RANGER STATION, WA US","2023-05",,"28","70",,"1.94","47.2","55.3","39.1"
"USC00456898","RAINIER PARADISE RANGER STATION, WA US","2023-06",,"28","70",,,"48.8","57.8","39.8"
"USC00456898","RAINIER PARADISE RANGER STATION, WA US","2023-07",,"38","76","231","0.70","56.9","66.1","47.7"
"USC00456898","RAINIER PARADISE RANGER STATION, WA US","2023-08",,"40","84","461","0.81","58.9","67.9","49.8"
"USC00456898","RAINIER PARADISE RANGER STATION, WA US","2023-09",,"31","73","933","10.18","49.3","57.3","41.3"
"USC00456898","RAINIER PARADISE RANGER STATION, WA US","2023-10",,"16","70","1612",,"43.1","49.7","36.5"
"USC00456898","RAINIER PARADISE RANGER STATION, WA US","2023-11",,"16","58","2501","16.28","35.4","42.3","28.4"
"USC00456898","RAINIER PARADISE RANGER STATION, WA US","2023-12",,"17","62","3316",,"36.1","43.4","28.8"
"USC00456898","RAINIER PARADISE RANGER STATION, WA US","2024-02",,"10","55",,,"27.4","33.1","21.7"
"USC00456898","RAINIER PARADISE RANGER STATION, WA US","2024-03",,"8","59",,,"30.9","38.0","23.7"
"USC00456898","RAINIER PARADISE RANGER STATION, WA US","2024-04",,"18","58",,,"35.1","44.4","25.9"
"USC00456898","RAINIER PARADISE RANGER STATION, WA US","2024-05",,"20","66",,"11.06","37.9","44.2","31.5"
"USC00456898","RAINIER PARADISE RANGER STATION, WA US","2024-06",,"28","70",,"7.11","46.6","54.5","38.8"
"USC00456898","RAINIER PARADISE RANGER STATION, WA US","2024-07",,,,,"1.85",,,
"USC00456898","RAINIER PARADISE RANGER STATION, WA US","2024-08",,"32","81",,"2.43","55.3","63.7","47.0"
"USC00456898","RAINIER PARADISE RANGER STATION, WA US","2024-09",,"31","82",,"2.24","53.4","61.6","45.2"
"USC00456898","RAINIER PARADISE RANGER STATION, WA US","2024-10",,"24","64",,,"41.4","48.5","34.4"
"USC00456898","RAINIER PARADISE RANGER STATION, WA US","2024-11",,"18","55",,"18.32","29.7","34.4","25.0"
"USC00456898","RAINIER PARADISE RANGER STATION, WA US","2024-12",,"18","60",,"20.78","33.4","39.3","27.6"
"USC00456898","RAINIER PARADISE RANGER STATION, WA US","2025-01",,"14",,,,,,"24.0"
